Country,URL,Name,Company URL,Business Focus,Rating
Austria,https://thebanks.eu/list-of-emis/Austria,Bitpanda Payments GmbH,https://thebanks.eu/emis/bitpanda-payments-355307,crypto-friendly e-wallets,4.10
Belgium,https://thebanks.eu/list-of-emis/Belgium,Fimaser,https://thebanks.eu/emis/fimaser-354918,payment cards Visa and loans for Carrefour customers,2.94
Belgium,https://thebanks.eu/list-of-emis/Belgium,Imagor,https://thebanks.eu/emis/imagor-354919,issuing payment cards for XXImo,internal entity
Belgium,https://thebanks.eu/list-of-emis/Belgium,Paynovate SA,https://thebanks.eu/emis/paynovate-354917,digital payment solutions,3.70
Belgium,https://thebanks.eu/list-of-emis/Belgium,PPS EU SA,https://thebanks.eu/emis/pps-eu-354916,digital banking infrastructure services,3.44
Belgium,https://thebanks.eu/list-of-emis/Belgium,Worldline Financial Solutions NV SA,https://thebanks.eu/emis/worldline-financial-solutions-354921,payment solutions for e-commerce,2.39
Bulgaria,https://thebanks.eu/list-of-emis/Bulgaria,Transact Europe EAD,https://thebanks.eu/emis/transact-europe-354680,payment processing solutions,3.37
Bulgaria,https://thebanks.eu/list-of-emis/Bulgaria,Easy Payment Services OOD,https://thebanks.eu/emis/easy-payment-services-354882,issuing payment cards,3.03
Bulgaria,https://thebanks.eu/list-of-emis/Bulgaria,EasyPay AD,https://thebanks.eu/emis/easypay-354923,providing payment services,3.37
Bulgaria,https://thebanks.eu/list-of-emis/Bulgaria,Econt Financial Services EOOD,https://thebanks.eu/emis/econt-financial-services-355237,payment acceptance and processing,internal entity
Bulgaria,https://thebanks.eu/list-of-emis/Bulgaria,iCard AD,https://thebanks.eu/emis/icard-354678,innovative payment solutions,3.95
Bulgaria,https://thebanks.eu/list-of-emis/Bulgaria,MyFin EAD,https://thebanks.eu/emis/myfin-355108,providing IBAN accounts and payment cards,3.33
Bulgaria,https://thebanks.eu/list-of-emis/Bulgaria,Tenen Payments AD,https://thebanks.eu/emis/tenen-payments-355218,white-label digital wallets,None
Croatia,https://thebanks.eu/list-of-emis/Croatia,Aircash d.o.o.,https://thebanks.eu/emis/aircash-355001,providing m-wallets and cards,3.30
Croatia,https://thebanks.eu/list-of-emis/Croatia,Erste Card Club d.o.o.,https://thebanks.eu/emis/erste-card-club-355003,providing payment cards,3.07
Croatia,https://thebanks.eu/list-of-emis/Croatia,Hrvatski Telekom d.d.,https://thebanks.eu/emis/hrvatski-telekom-355004,providing mobile payments platform,internal entity
Croatia,https://thebanks.eu/list-of-emis/Croatia,PBZ CARD d.o.o.,https://thebanks.eu/emis/pbz-card-355002,providing payment cards,2.60
Croatia,https://thebanks.eu/list-of-emis/Croatia,PRIMEX PAYMENTS d.o.o.,https://thebanks.eu/emis/primex-payments-355306,payment solutions for e-commerce,2.32
Cyprus,https://thebanks.eu/list-of-emis/Cyprus,Ecommbx Limited,https://thebanks.eu/emis/ecommbx-354683,providing seamless payment platform,3.40
Cyprus,https://thebanks.eu/list-of-emis/Cyprus,Sepaga EMI ltd,https://thebanks.eu/emis/sepaga-emi-354688,"issuance, distribution and redemption of e-money",3.46
Cyprus,https://thebanks.eu/list-of-emis/Cyprus,BNKPRO EUROPE LTD,https://thebanks.eu/emis/bnkpro-europe-355336,providing payment accounts and cards,3.05
Cyprus,https://thebanks.eu/list-of-emis/Cyprus,CSC Europe Limited,https://thebanks.eu/emis/csc-europe-354682,online payment solutions for businesses,3.11
Cyprus,https://thebanks.eu/list-of-emis/Cyprus,ISX Financial EU Ltd,https://thebanks.eu/emis/isx-financial-eu-354684,identity and payment solution for online businesses,3.37
Cyprus,https://thebanks.eu/list-of-emis/Cyprus,Koronapay Europe Limited,https://thebanks.eu/emis/koronapay-europe-354927,money transfers in Europe,3.22
Cyprus,https://thebanks.eu/list-of-emis/Cyprus,Nuvei Limited,https://thebanks.eu/emis/nuvei-354687,smart payment processing,3.31
Cyprus,https://thebanks.eu/list-of-emis/Cyprus,Oro Pay Ltd,https://thebanks.eu/emis/oro-pay-354686,international money transfers,3.63
Cyprus,https://thebanks.eu/list-of-emis/Cyprus,Realmode Services Limited,https://thebanks.eu/emis/realmode-services-355337,providing b2b payment platform,2.50
Cyprus,https://thebanks.eu/list-of-emis/Cyprus,Sureswipe E.M.I. Plc,https://thebanks.eu/emis/sureswipe-emi-354885,providing IBAN accounts and payment cards,3.16
Cyprus,https://thebanks.eu/list-of-emis/Cyprus,UNLIMINT EU LTD,https://thebanks.eu/emis/unlimint-eu-354681,payment processing and acceptance,3.51
Cyprus,https://thebanks.eu/list-of-emis/Cyprus,Sibilla Solutions Ltd,https://thebanks.eu/emis/sibilla-solutions-354689,money transfers and e-wallets,3.77
Czech Republic,https://thebanks.eu/list-of-emis/Czech-Republic,GOPAY s.r.o.,https://thebanks.eu/emis/gopay-354933,providing a payment gateway,3.44
Czech Republic,https://thebanks.eu/list-of-emis/Czech-Republic,Safe Payments Solutions s.r.o.,https://thebanks.eu/emis/safe-payments-solutions-355212,local and international money transfers,3.50
Czech Republic,https://thebanks.eu/list-of-emis/Czech-Republic,"ThePay.cz, s.r.o.",https://thebanks.eu/emis/thepay-cz-355305,providing payment gateways,2.58
Czech Republic,https://thebanks.eu/list-of-emis/Czech-Republic,"W.A.G. Issuing Services, a.s.",https://thebanks.eu/emis/w-a-g-issuing-services-355223,,internal entity
Denmark,https://thebanks.eu/list-of-emis/Denmark,Pleo Financial Services ApS,https://thebanks.eu/emis/pleo-financial-services-354941,providing company spending and card solutions,3.76
Denmark,https://thebanks.eu/list-of-emis/Denmark,Mobilepay Denmark A/S,https://thebanks.eu/emis/mobilepay-denmark-354940,providing mobile payment platform,3.25
Denmark,https://thebanks.eu/list-of-emis/Denmark,Safenetpay ApS,https://thebanks.eu/emis/safenetpay-355267,online business accounts and payment processing,3.43
Denmark,https://thebanks.eu/list-of-emis/Denmark,Ziglu Europe ApS,https://thebanks.eu/emis/ziglu-europe-355232,alternative banking and crypto trading,3.36
Estonia,https://thebanks.eu/list-of-emis/Estonia,inHouse Pay AS,https://thebanks.eu/emis/inhouse-pay-354942,payment acceptance and processing,2.92
Estonia,https://thebanks.eu/list-of-emis/Estonia,IPF Digital AS,https://thebanks.eu/emis/ipf-digital-355234,credit solutions,2.00
Finland,https://thebanks.eu/list-of-emis/Finland,Enfuce License Services Oy,https://thebanks.eu/emis/enfuce-license-services-355316,card issuing and payment processing,3.04
Finland,https://thebanks.eu/list-of-emis/Finland,Membrane Finance Oy,https://thebanks.eu/emis/membrane-finance-355331,developing stablecoin infrastructure,coming soon
Finland,https://thebanks.eu/list-of-emis/Finland,Narvi Payments Oy Ab,https://thebanks.eu/emis/narvi-payments-355283,alternative business banking,3.54
Finland,https://thebanks.eu/list-of-emis/Finland,Zevoy Aktiebolag,https://thebanks.eu/emis/zevoy-355289,business expense management,2.78
France,https://thebanks.eu/list-of-emis/France,CENTRALPAY,https://thebanks.eu/emis/centralpay-354950,payment integration platform,3.08
France,https://thebanks.eu/list-of-emis/France,CHECKOUT,https://thebanks.eu/emis/checkout-354951,online payment processing platform,3.08
France,https://thebanks.eu/list-of-emis/France,CNOVA PAY,https://thebanks.eu/emis/cnova-pay-355122,payment solutions for Cnova network,internal entity
France,https://thebanks.eu/list-of-emis/France,EDENRED PAIEMENT,https://thebanks.eu/emis/edenred-paiement-354954,payment solutions,2.55
France,https://thebanks.eu/list-of-emis/France,EZYNESS,https://thebanks.eu/emis/ezyness-354947,e-money solutions for La Banque Postale,internal entity
France,https://thebanks.eu/list-of-emis/France,LYF,https://thebanks.eu/emis/lyf-354694,mobile payment platform,3.32
France,https://thebanks.eu/list-of-emis/France,MARKET PAY,https://thebanks.eu/emis/market-pay-354952,payment solutions for businesses,2.54
France,https://thebanks.eu/list-of-emis/France,Société financière du porte-monnaie électronique interbancaire,https://thebanks.eu/emis/societe-financiere-du-porte-monnaie-electronique-interbancaire-354886,providing banking as a service platform,2.66
France,https://thebanks.eu/list-of-emis/France,SWAN,https://thebanks.eu/emis/swan-355098,banking and payment infrastructure,3.36
France,https://thebanks.eu/list-of-emis/France,SWILE PAYMENT,https://thebanks.eu/emis/swile-payment-355220,providing corporate cards,3.03
France,https://thebanks.eu/list-of-emis/France,TMLC,https://thebanks.eu/emis/tmlc-355303,providing payment solutions,1.85
France,https://thebanks.eu/list-of-emis/France,Treezor SAS,https://thebanks.eu/emis/treezor-354696,core-banking platform,3.37
France,https://thebanks.eu/list-of-emis/France,UP COOP,https://thebanks.eu/emis/up-coop-354953,e-wallets and online payments,2.67
France,https://thebanks.eu/list-of-emis/France,W-HA SA,https://thebanks.eu/emis/w-ha-354697,digital payments and services,2.15
France,https://thebanks.eu/list-of-emis/France,XPOLLENS,https://thebanks.eu/emis/xpollens-354948,payment processing platform,2.80
Germany,https://thebanks.eu/list-of-emis/Germany,First Data GmbH,https://thebanks.eu/emis/first-data-354693,providing payment solutions for financial institutions and acquirers,acquired
Germany,https://thebanks.eu/list-of-emis/Germany,B2Mobility GmbH,https://thebanks.eu/emis/b2mobility-355115,B2B and B2C payment cards,2.98
Germany,https://thebanks.eu/list-of-emis/Germany,Concardis GmbH,https://thebanks.eu/emis/concardis-354691,providing cashless and digital payments,3.59
Germany,https://thebanks.eu/list-of-emis/Germany,Esprit Card Services GmbH,https://thebanks.eu/emis/esprit-card-services-354692,issuing ESPRIT gift cards,internal entity
Germany,https://thebanks.eu/list-of-emis/Germany,Moss GmbH,https://thebanks.eu/emis/moss-355317,expense management,3.45
Germany,https://thebanks.eu/list-of-emis/Germany,PayCenter GmbH,https://thebanks.eu/emis/paycenter-354938,providing payment cards and current accounts,3.58
Germany,https://thebanks.eu/list-of-emis/Germany,PAYONE GmbH,https://thebanks.eu/emis/payone-354937,payment infrastructure solutions,3.44
Germany,https://thebanks.eu/list-of-emis/Germany,ReiseBank AG,https://thebanks.eu/emis/reisebank-355271,issuing travel money and cards,3.20
Germany,https://thebanks.eu/list-of-emis/Germany,RS2 Financial Services GmbH,https://thebanks.eu/emis/rs2-financial-services-355239,payment processing solutions,2.87
Germany,https://thebanks.eu/list-of-emis/Germany,VR Payment GmbH,https://thebanks.eu/emis/vr-payment-354936,payment solutions for businesses,internal entity
Germany,https://thebanks.eu/list-of-emis/Germany,Zalando Payments GmbH,https://thebanks.eu/emis/zalando-payments-354939,payment solutions for Zalando customers,internal entity
Gibraltar,https://thebanks.eu/list-of-emis/Gibraltar,Transact Payments Ltd,https://thebanks.eu/emis/transact-payments-354699,innovative payment and card solutions,2.91
Greece,https://thebanks.eu/list-of-emis/Greece,COSMOTE PAYMENTS - ELECTRONIC MONEY SERVICES S.A.,https://thebanks.eu/emis/cosmote-payments-electronic-money-services-355181,providing PSD2 payment environment,internal entity
Greece,https://thebanks.eu/list-of-emis/Greece,TORA WALLET SINGLE-MEMBER SOCIETE ANONYME FOR ELECTRONIC MONEY SERVICES,https://thebanks.eu/emis/tora-wallet-societe-anonyme-for-electronic-money-services-355000,providing e-wallets,2.26
Greece,https://thebanks.eu/list-of-emis/Greece,VIVA PAYMENT SERVICES SINGLE MEMBER S.A.,https://thebanks.eu/emis/viva-payment-services-354702,card processing and e-payment solutions for businesses,3.11
Hungary,https://thebanks.eu/list-of-emis/Hungary,Barion Payment Zrt.,https://thebanks.eu/emis/barion-payment-355005,providing payment solutions,2.92
Hungary,https://thebanks.eu/list-of-emis/Hungary,Viva Payment Services S.A. Magyarországi Fióktelepe,https://thebanks.eu/emis/viva-payment-services-355180,card processing and e-payment solutions for businesses,3.11
Hungary,https://thebanks.eu/list-of-emis/Hungary,BinX Business Integrated NetworX Zártkörűen Működő Részvénytársaság,https://thebanks.eu/emis/binx-business-integrated-networx-355335,,coming soon
Iceland,https://thebanks.eu/list-of-emis/Iceland,Monerium EMI ehf.,https://thebanks.eu/emis/monerium-emi-354914,providing global digital currency platform,coming soon
Iceland,https://thebanks.eu/list-of-emis/Iceland,Rapyd Europe hf.,https://thebanks.eu/emis/rapyd-europe-355311,payment acceptance and processing,3.79
Ireland,https://thebanks.eu/list-of-emis/Ireland,Soldo Financial Services Ireland DAC,https://thebanks.eu/emis/soldo-financial-services-ireland-354888,expense management platform,3.75
Ireland,https://thebanks.eu/list-of-emis/Ireland,Stripe Technology Europe Limited,https://thebanks.eu/emis/stripe-technology-europe-354889,payment solutions for e-commerce,3.52
Ireland,https://thebanks.eu/list-of-emis/Ireland,Booking Holdings Financial Services International Limited,https://thebanks.eu/emis/booking-holdings-financial-services-international-355301,payment processing for Booking Holdings,internal entity
Ireland,https://thebanks.eu/list-of-emis/Ireland,EML Money DAC,https://thebanks.eu/emis/eml-money-354704,payment cards for companies and consumers,2.85
Ireland,https://thebanks.eu/list-of-emis/Ireland,Facebook Payments International Limited,https://thebanks.eu/emis/facebook-payments-international-354703,processing payment related to Facebook,internal entity
Ireland,https://thebanks.eu/list-of-emis/Ireland,Gemini Payments Limited,https://thebanks.eu/emis/gemini-payments-355304,crypto trading platform,2.49
Ireland,https://thebanks.eu/list-of-emis/Ireland,GVS Prepaid (Europe) Limited,https://thebanks.eu/emis/gvs-prepaid-europe-355107,issuing gift cards for UK and Ireland customers,acquired
Ireland,https://thebanks.eu/list-of-emis/Ireland,Lumon FX Europe Limited,https://thebanks.eu/emis/lumon-fx-europe-355119,foreign exchange and international transfers,3.25
Ireland,https://thebanks.eu/list-of-emis/Ireland,Moneycorp Technologies Limited,https://thebanks.eu/emis/moneycorp-technologies-355166,currency exchange and international payments,3.27
Ireland,https://thebanks.eu/list-of-emis/Ireland,myPOS Limited,https://thebanks.eu/emis/mypos-355332,providing payment solutions to merchants,3.84
Ireland,https://thebanks.eu/list-of-emis/Ireland,OFX Payments Ireland LTD,https://thebanks.eu/emis/ofx-payments-ireland-355141,foreign exchange and international payments,2.91
Ireland,https://thebanks.eu/list-of-emis/Ireland,Optal Financial Europe Limited,https://thebanks.eu/emis/optal-financial-europe-355007,B2B payment optimization solutions,acquired
Ireland,https://thebanks.eu/list-of-emis/Ireland,Payoneer Europe Limited,https://thebanks.eu/emis/payoneer-europe-355112,online cross-border payments for entrepreneurs,2.40
Italy,https://thebanks.eu/list-of-emis/Italy,HYPE S.P.A.,https://thebanks.eu/emis/hype-355109,providing e-money accounts and payment cards,3.17
Ireland,https://thebanks.eu/list-of-emis/Ireland,Paysafe Payment Solutions Limited,https://thebanks.eu/emis/paysafe-payment-solutions-354887,offering processing and acquiring solutions,2.85
Ireland,https://thebanks.eu/list-of-emis/Ireland,Paysafe Prepaid Services Limited,https://thebanks.eu/emis/paysafe-prepaid-services-355126,offering processing and acquiring solutions,2.79
Ireland,https://thebanks.eu/list-of-emis/Ireland,PAYSEND EU DESIGNATED ACTIVITY COMPANY,https://thebanks.eu/emis/paysend-eu-355339,international money transfers,3.86
Ireland,https://thebanks.eu/list-of-emis/Ireland,PFS Card Services (Ireland) Ltd,https://thebanks.eu/emis/pfs-card-services-ireland-355006,payment card services,2.05
Ireland,https://thebanks.eu/list-of-emis/Ireland,Squareup International Limited,https://thebanks.eu/emis/squareup-international-355174,payment solutions for businesses,3.07
Ireland,https://thebanks.eu/list-of-emis/Ireland,SumUp Limited,https://thebanks.eu/emis/sumup-355137,payment processing platform,3.23
Ireland,https://thebanks.eu/list-of-emis/Ireland,Coinbase Ireland Limited,https://thebanks.eu/emis/coinbase-ireland-355114,providing cryptocurrency platform,2.68
Italy,https://thebanks.eu/list-of-emis/Italy,BCC PAY S.P.A.,https://thebanks.eu/emis/bcc-pay-355268,payment cards and merchant services,2.81
Italy,https://thebanks.eu/list-of-emis/Italy,ENEL X FINANCIAL SERVICES S.R.L.,https://thebanks.eu/emis/enel-x-financial-services-355011,microloans for Enel customers,internal entity
Italy,https://thebanks.eu/list-of-emis/Italy,FLOWE S.P.A. - SOCIETA' BENEFIT,https://thebanks.eu/emis/flowe-355116,providing eco-friendly e-wallet accounts,3.19
Italy,https://thebanks.eu/list-of-emis/Italy,LIS PAY SPA,https://thebanks.eu/emis/lis-pay-355009,issuing prepaid cards,2.31
Italy,https://thebanks.eu/list-of-emis/Italy,MOONEY S.P.A.,https://thebanks.eu/emis/mooney-355129,providing IBAN accounts and payment cards,3.22
Italy,https://thebanks.eu/list-of-emis/Italy,NEXI PAYMENTS S.P.A.,https://thebanks.eu/emis/nexi-payments-355012,digital payment solutions,2.92
Italy,https://thebanks.eu/list-of-emis/Italy,POSTEPAY S.P.A.,https://thebanks.eu/emis/postepay-355014,providing payment cards and payment services,3.23
Italy,https://thebanks.eu/list-of-emis/Italy,TELEPASS S.P.A.,https://thebanks.eu/emis/telepass-355318,payment services and prepaid cards for Telepass,internal entity
Italy,https://thebanks.eu/list-of-emis/Italy,UNIPOLPAY S.P.A.,https://thebanks.eu/emis/unipolpay-355233,,internal entity
Latvia,https://thebanks.eu/list-of-emis/Latvia,QIWI Wallet Europe Ltd,https://thebanks.eu/emis/qiwi-wallet-europe-354706,e-wallet and e-payment solutions,2.53
Latvia,https://thebanks.eu/list-of-emis/Latvia,"Sabiedrība ar ierobežotu atbildību ""Mobilly""",https://thebanks.eu/emis/mobilly-355105,mobile payment application,2.40
Latvia,https://thebanks.eu/list-of-emis/Latvia,"Sabiedrība ar ierobežotu atbildību ""Transact Pro""",https://thebanks.eu/emis/transact-pro-354707,turnkey payment solutions,2.85
Latvia,https://thebanks.eu/list-of-emis/Latvia,SIA Mintos Payments,https://thebanks.eu/emis/mintos-payments-355230,loans investment platform,3.21
Liechtenstein,https://thebanks.eu/list-of-emis/Liechtenstein,Cornèr Europe AG,https://thebanks.eu/emis/corner-europe-354890,personalized solutions in the area of payment cards,2.31
Liechtenstein,https://thebanks.eu/list-of-emis/Liechtenstein,Swiss Bankers Prepaid Services AG,https://thebanks.eu/emis/swiss-bankers-prepaid-services-355017,providing payment cards,3.26
Lithuania,https://thebanks.eu/list-of-emis/Lithuania,"UAB ""NexPay""",https://thebanks.eu/emis/nexpay-354895,providing IBAN accounts and crypto OTC desk,4.23
Lithuania,https://thebanks.eu/list-of-emis/Lithuania,Via Payments UAB,https://thebanks.eu/emis/via-payments-354733,alternative banking and payment services,4.03
Lithuania,https://thebanks.eu/list-of-emis/Lithuania,UAB IBS Lithuania,https://thebanks.eu/emis/ibs-lithuania-354726,digital banking services between Europe and China,4.38
Lithuania,https://thebanks.eu/list-of-emis/Lithuania,UAB SatchelPay,https://thebanks.eu/emis/satchelpay-354722,facilitating global payment transactions,4.85
Lithuania,https://thebanks.eu/list-of-emis/Lithuania,UAB 'TransferGO Lithuania',https://thebanks.eu/emis/transfergo-lithuania-354896,international money transfers,3.70
Lithuania,https://thebanks.eu/list-of-emis/Lithuania,UAB „NIUM EU“,https://thebanks.eu/emis/nium-eu-354727,global money transfers,3.82
Lithuania,https://thebanks.eu/list-of-emis/Lithuania,Phoenix Payments UAB,https://thebanks.eu/emis/phoenix-payments-354720,alternative banking and payment solutions,3.77
Lithuania,https://thebanks.eu/list-of-emis/Lithuania,UAB TeslaPay,https://thebanks.eu/emis/teslapay-355029,providing payment cards and IBAN accounts,4.04
Lithuania,https://thebanks.eu/list-of-emis/Lithuania,Valyuz UAB,https://thebanks.eu/emis/valyuz-354732,providing alternatives to traditional banking,3.85
Lithuania,https://thebanks.eu/list-of-emis/Lithuania,"„Secure Nordic Payments“, UAB",https://thebanks.eu/emis/secure-nordic-payments-354716,offering dedicated IBAN accounts,3.70
Luxembourg,https://thebanks.eu/list-of-emis/Luxembourg,SnapSwap International SA,https://thebanks.eu/emis/snapswap-international-354739,solution to accelerate account opening process,3.44
Lithuania,https://thebanks.eu/list-of-emis/Lithuania,"Ambr Payments, UAB",https://thebanks.eu/emis/ambr-payments-355097,business payment services,2.83
Lithuania,https://thebanks.eu/list-of-emis/Lithuania,"Bebawa, UAB",https://thebanks.eu/emis/bebawa-355185,providing business accounts,2.86
Lithuania,https://thebanks.eu/list-of-emis/Lithuania,BEM Europe UAB,https://thebanks.eu/emis/bem-europe-355284,blockchain payment solutions,coming soon
Lithuania,https://thebanks.eu/list-of-emis/Lithuania,Blender Lithuania UAB,https://thebanks.eu/emis/blender-lithuania-354710,providing peer-to-peer loans platform,2.72
Lithuania,https://thebanks.eu/list-of-emis/Lithuania,"CBI Money, UAB",https://thebanks.eu/emis/cbi-money-355032,providing payment solutions,3.18
Lithuania,https://thebanks.eu/list-of-emis/Lithuania,"Clearshift, UAB",https://thebanks.eu/emis/clearshift-355102,international payments,3.11
Lithuania,https://thebanks.eu/list-of-emis/Lithuania,Contomobile UAB,https://thebanks.eu/emis/contomobile-355026,providing multicurrency IBAN accounts,3.64
Lithuania,https://thebanks.eu/list-of-emis/Lithuania,Corporate Services UAB,https://thebanks.eu/emis/corporate-services-355024,providing payment accounts,3.28
Lithuania,https://thebanks.eu/list-of-emis/Lithuania,"Curve Europe, UAB",https://thebanks.eu/emis/curve-europe-355148,providing payment cards,3.42
Luxembourg,https://thebanks.eu/list-of-emis/Luxembourg,3S Money (Luxembourg) S.A.,https://thebanks.eu/emis/3s-money-luxembourg-355314,international trade,3.64
Luxembourg,https://thebanks.eu/list-of-emis/Luxembourg,Alipay (Europe) Limited S.A.,https://thebanks.eu/emis/alipay-europe-354898,international payment platform,2.01
Luxembourg,https://thebanks.eu/list-of-emis/Luxembourg,Amazon Payments Europe SCA,https://thebanks.eu/emis/amazon-payments-europe-354737,payments processing for Amazon merchants,internal entity
Luxembourg,https://thebanks.eu/list-of-emis/Luxembourg,Dock Financial S.A.,https://thebanks.eu/emis/dock-financial-354900,issuing payment cards,3.16
Luxembourg,https://thebanks.eu/list-of-emis/Luxembourg,J. P. Morgan Mobility Payments Solution S.A.,https://thebanks.eu/emis/j-p-morgan-mobility-payments-solution-354740,payment solutions for Volkswagen Group brands,internal entity
Luxembourg,https://thebanks.eu/list-of-emis/Luxembourg,JOOMPAY EUROPE S.A.,https://thebanks.eu/emis/joompay-europe-355158,instant money transfers,3.08
Luxembourg,https://thebanks.eu/list-of-emis/Luxembourg,Mangopay SA,https://thebanks.eu/emis/mangopay-354738,providing end-to-end payment solution,2.92
Lithuania,https://thebanks.eu/list-of-emis/Lithuania,"Demivolt, UAB",https://thebanks.eu/emis/demivolt-355151,digital banking and payment solutions,3.98
Lithuania,https://thebanks.eu/list-of-emis/Lithuania,"DiPocket, UAB",https://thebanks.eu/emis/dipocket-355156,cashless mobile payment application,3.06
Lithuania,https://thebanks.eu/list-of-emis/Lithuania,"Finci, UAB",https://thebanks.eu/emis/finci-355120,providing accounts and payments,4.15
Lithuania,https://thebanks.eu/list-of-emis/Lithuania,"Foxpay, UAB",https://thebanks.eu/emis/foxpay-355038,providing payment terminals,3.41
Lithuania,https://thebanks.eu/list-of-emis/Lithuania,FUNDSTR UAB,https://thebanks.eu/emis/fundstr-355155,providing IBAN accounts and payment cards,3.40
Lithuania,https://thebanks.eu/list-of-emis/Lithuania,Glocash Payment UAB,https://thebanks.eu/emis/glocash-payment-354713,payment processing for e-commerce,2.98
Lithuania,https://thebanks.eu/list-of-emis/Lithuania,Google Payment Lithuania UAB,https://thebanks.eu/emis/google-payment-lithuania-354891,processing payment related to Google,internal entity
Lithuania,https://thebanks.eu/list-of-emis/Lithuania,"GPS Capital Markets Europe, UAB",https://thebanks.eu/emis/gps-capital-markets-europe-355287,foreign exchange and international payments,2.87
Lithuania,https://thebanks.eu/list-of-emis/Lithuania,"Neo Finance, AB",https://thebanks.eu/emis/neo-finance-354892,providing personal IBAN accounts,3.40
Lithuania,https://thebanks.eu/list-of-emis/Lithuania,Nikulipe UAB,https://thebanks.eu/emis/nikulipe-355104,connecting local payment methods,None
Lithuania,https://thebanks.eu/list-of-emis/Lithuania,"Okeo Payments, UAB",https://thebanks.eu/emis/okeo-payments-355177,creating business payment solutions,2.63
Lithuania,https://thebanks.eu/list-of-emis/Lithuania,"Opal Transfer EU, UAB",https://thebanks.eu/emis/opal-transfer-eu-355019,international money transfers,3.63
Lithuania,https://thebanks.eu/list-of-emis/Lithuania,"PAYMONT, UAB",https://thebanks.eu/emis/paymont-355285,providing payment accounts,3.14
Lithuania,https://thebanks.eu/list-of-emis/Lithuania,"Paynt, UAB",https://thebanks.eu/emis/paynt-354717,scalable payment solutions for businesses,3.77
Lithuania,https://thebanks.eu/list-of-emis/Lithuania,"Payswix, UAB",https://thebanks.eu/emis/payswix-354712,providing banking solutions,4.24
Lithuania,https://thebanks.eu/list-of-emis/Lithuania,Paytend Europe UAB,https://thebanks.eu/emis/paytend-europe-354719,international payments,2.93
Lithuania,https://thebanks.eu/list-of-emis/Lithuania,"Sezzle Lithuania, UAB",https://thebanks.eu/emis/sezzle-lithuania-355221,payment processing for e-commerce,3.55
Malta,https://thebanks.eu/list-of-emis/Malta,FinXP Limited,https://thebanks.eu/emis/finxp-354748,banking and payment solutions for B2B and B2B2C,3.59
Luxembourg,https://thebanks.eu/list-of-emis/Luxembourg,PingPong Europe S.A.,https://thebanks.eu/emis/pingpong-europe-355144,payment platform for e-commerce sellers,2.47
Luxembourg,https://thebanks.eu/list-of-emis/Luxembourg,Satispay Europe SA,https://thebanks.eu/emis/satispay-europe-354901,payment platform for secure and cheap payments,3.51
Lithuania,https://thebanks.eu/list-of-emis/Lithuania,SumUp EU Payments UAB,https://thebanks.eu/emis/sumup-eu-payments-355018,payment processing platform,3.00
Lithuania,https://thebanks.eu/list-of-emis/Lithuania,"Transactive Systems, UAB",https://thebanks.eu/emis/transactive-systems-354723,providing payment platform,3.28
Lithuania,https://thebanks.eu/list-of-emis/Lithuania,"UAB ""ConnectPay""",https://thebanks.eu/emis/connectpay-354711,banking alternative for online-focused businesses,3.90
Lithuania,https://thebanks.eu/list-of-emis/Lithuania,"UAB ""deVere E-Money""",https://thebanks.eu/emis/devere-e-money-354725,international money transfers,3.95
Lithuania,https://thebanks.eu/list-of-emis/Lithuania,"UAB ""International Payment Union""",https://thebanks.eu/emis/international-payment-union-354894,seamless payments for traders and investors,2.98
Lithuania,https://thebanks.eu/list-of-emis/Lithuania,"UAB ""Nuvei""",https://thebanks.eu/emis/nuvei-355033,providing fiat-crypto infrastructure,3.77
Lithuania,https://thebanks.eu/list-of-emis/Lithuania,"UAB ""PAYRNET""",https://thebanks.eu/emis/payrnet-355149,digital finance and payment solutions for businesses,2.77
Lithuania,https://thebanks.eu/list-of-emis/Lithuania,"UAB ""Silvergate LT""",https://thebanks.eu/emis/silvergate-lt-355035,providing IBAN accounts,2.86
Malta,https://thebanks.eu/list-of-emis/Malta,Alpha FX Europe Limited,https://thebanks.eu/emis/alpha-fx-europe-355219,international foreign exchange,2.98
Malta,https://thebanks.eu/list-of-emis/Malta,Andaria Financial Services Limited,https://thebanks.eu/emis/andaria-financial-services-355240,providing business accounts,2.82
Malta,https://thebanks.eu/list-of-emis/Malta,C2D PAYMENT SOLUTIONS LTD,https://thebanks.eu/emis/c2d-payment-solutions-355224,providing cash payment platform,1.82
Malta,https://thebanks.eu/list-of-emis/Malta,DLocal Limited,https://thebanks.eu/emis/dlocal-354742,cross-border payments for emerging markets,2.49
Malta,https://thebanks.eu/list-of-emis/Malta, plc,https://thebanks.eu/emis/emaney-354743,Internet banking solutions,3.04
Malta,https://thebanks.eu/list-of-emis/Malta,EMP SYSTEMS LTD,https://thebanks.eu/emis/emp-systems-354744,providing e-wallets,3.56
Lithuania,https://thebanks.eu/list-of-emis/Lithuania,"UAB ""Walletto""",https://thebanks.eu/emis/walletto-354734,payment processing for merchants,3.48
Lithuania,https://thebanks.eu/list-of-emis/Lithuania,UAB B4B Payments Europe,https://thebanks.eu/emis/b4b-payments-europe-355152,business expense solutions,3.00
Lithuania,https://thebanks.eu/list-of-emis/Lithuania,UAB Digital Virgo Payment,https://thebanks.eu/emis/digital-virgo-payment-355092,acquiring services for Digital Virgo merchants,internal entity
Lithuania,https://thebanks.eu/list-of-emis/Lithuania,UAB Guru Pay,https://thebanks.eu/emis/guru-pay-355123,providing IBAN accounts,3.92
Lithuania,https://thebanks.eu/list-of-emis/Lithuania,UAB Monavate,https://thebanks.eu/emis/monavate-355302,providing frameworks for FinTechs,2.27
Lithuania,https://thebanks.eu/list-of-emis/Lithuania,UAB Nandi Finance,https://thebanks.eu/emis/nandi-finance-355215,providing business accounts,3.27
Lithuania,https://thebanks.eu/list-of-emis/Lithuania,UAB PanPay Europe,https://thebanks.eu/emis/panpay-europe-354729,alternative banking and payment services,3.44
Lithuania,https://thebanks.eu/list-of-emis/Lithuania,UAB Pervesk,https://thebanks.eu/emis/pervesk-354730,providing payment solutions,4.76
Lithuania,https://thebanks.eu/list-of-emis/Lithuania,UAB Seven Seas Europe,https://thebanks.eu/emis/seven-seas-europe-354731,facilitating payments between Europe and China,3.15
Lithuania,https://thebanks.eu/list-of-emis/Lithuania,UAB STANHOPE FINANCIAL,https://thebanks.eu/emis/stanhope-financial-355140,alternative banking services,3.35
Lithuania,https://thebanks.eu/list-of-emis/Lithuania,UAB Travel Union,https://thebanks.eu/emis/travel-union-355096,mobile banking for travelers,2.79
Lithuania,https://thebanks.eu/list-of-emis/Lithuania,UAB ZEN.COM,https://thebanks.eu/emis/zen-com-354897,management of card payments in the Internet,4.06
Netherlands,https://thebanks.eu/list-of-emis/Netherlands,Airwallex (Netherlands) B.V.,https://thebanks.eu/emis/airwallex-netherlands-355216,"high speed, low cost global payments",3.91
Malta,https://thebanks.eu/list-of-emis/Malta,EPG FINANCIAL SERVICES LIMITED,https://thebanks.eu/emis/epg-financial-services-355043,providing payment solutions for merchants,2.63
Malta,https://thebanks.eu/list-of-emis/Malta,eToro Money Malta Limited,https://thebanks.eu/emis/etoro-money-malta-355269,debit cards,internal entity
Malta,https://thebanks.eu/list-of-emis/Malta,Finance Incorporated Limited,https://thebanks.eu/emis/finance-incorporated-355047,providing payment cards and e-wallets,3.42
Malta,https://thebanks.eu/list-of-emis/Malta,handi.cash Limited,https://thebanks.eu/emis/handi-cash-355046,mobile payment application,2.58
Malta,https://thebanks.eu/list-of-emis/Malta,Insignia Cards Limited,https://thebanks.eu/emis/insignia-cards-354745,elite payment cards to European customers,2.85
Malta,https://thebanks.eu/list-of-emis/Malta,Ixaris Financial Services Malta Limited,https://thebanks.eu/emis/ixaris-financial-services-malta-355235,payment cards platform,acquired
Malta,https://thebanks.eu/list-of-emis/Malta,MIFINITY MALTA LIMITED,https://thebanks.eu/emis/mifinity-malta-355113,money transfers to China,3.18
Malta,https://thebanks.eu/list-of-emis/Malta,MTACC LTD,https://thebanks.eu/emis/mtacc-355044,issuing payment cards for ePayService,internal entity
Lithuania,https://thebanks.eu/list-of-emis/Lithuania,UAB „Elektroninių pinigų bitė“,https://thebanks.eu/emis/elektroniniu-pinigu-bite-355238,peer-to-peer lending solutions,2.40
Lithuania,https://thebanks.eu/list-of-emis/Lithuania,UAB „Lux International Payment System“,https://thebanks.eu/emis/lux-international-payment-system-355292,payment services and currency exchange,coming soon
Lithuania,https://thebanks.eu/list-of-emis/Lithuania,UAB „NEOCARD“,https://thebanks.eu/emis/neocard-355020,alternative banking and payment services,3.55
Lithuania,https://thebanks.eu/list-of-emis/Lithuania,UAB „Perlas Finance“,https://thebanks.eu/emis/perlas-finance-355039,mobile payments,2.74
Lithuania,https://thebanks.eu/list-of-emis/Lithuania,UAB „Pyrros Lithuania“,https://thebanks.eu/emis/pyrros-lithuania-355022,providing payment gateway,3.90
Lithuania,https://thebanks.eu/list-of-emis/Lithuania,UAB „SONECT Europe“,https://thebanks.eu/emis/sonect-europe-355027,providing cash withdrawal platform,2.43
Lithuania,https://thebanks.eu/list-of-emis/Lithuania,"Verified Payments, UAB",https://thebanks.eu/emis/verified-payments-355030,providing white-label payment solutions,4.48
Lithuania,https://thebanks.eu/list-of-emis/Lithuania,Verse Payments Lithuania UAB,https://thebanks.eu/emis/verse-payments-lithuania-355037,mobile payment application and payment cards,3.46
Lithuania,https://thebanks.eu/list-of-emis/Lithuania,Wallter UAB,https://thebanks.eu/emis/wallter-354735,checkout and payment solutions for businesses,3.88
Lithuania,https://thebanks.eu/list-of-emis/Lithuania,"Wittix, UAB",https://thebanks.eu/emis/wittix-355036,providing IBAN accounts,4.14
Lithuania,https://thebanks.eu/list-of-emis/Lithuania,WITTY GLOBAL UAB,https://thebanks.eu/emis/witty-global-355227,providing payment cards,3.11
Lithuania,https://thebanks.eu/list-of-emis/Lithuania,"""Paysera LT"", UAB",https://thebanks.eu/emis/paysera-lt-354718,providing payment services at reasonable prices,3.78
Netherlands,https://thebanks.eu/list-of-emis/Netherlands,Argentex B.V.,https://thebanks.eu/emis/argentex-355313,foreign exchange and international payments,3.47
Netherlands,https://thebanks.eu/list-of-emis/Netherlands,Currencycloud B.V.,https://thebanks.eu/emis/currencycloud-355150,providing payment infrastructure,4.10
Netherlands,https://thebanks.eu/list-of-emis/Netherlands,Intersolve Payments B.V.,https://thebanks.eu/emis/intersolve-payments-354750,secure payment platform for retailers,2.87
Netherlands,https://thebanks.eu/list-of-emis/Netherlands,Modulr Finance B.V.,https://thebanks.eu/emis/modulr-finance-355281,providing payment accounts for businesses,3.09
Netherlands,https://thebanks.eu/list-of-emis/Netherlands,Rewire EU B.V.,https://thebanks.eu/emis/rewire-eu-355138,IBAN accounts and money remittance,3.69
Netherlands,https://thebanks.eu/list-of-emis/Netherlands,Uber Payments B.V.,https://thebanks.eu/emis/uber-payments-354902,payment processing for Uber,internal entity
Netherlands,https://thebanks.eu/list-of-emis/Netherlands,World First Netherlands B.V.,https://thebanks.eu/emis/world-first-netherlands-355101,international money transfers for businesses and individuals,3.16
Netherlands,https://thebanks.eu/list-of-emis/Netherlands,Yoursafe B.V.,https://thebanks.eu/emis/yoursafe-355048,payment acceptance and processing,3.61
Malta,https://thebanks.eu/list-of-emis/Malta,Nobel Financial Limited,https://thebanks.eu/emis/nobel-financial-354746,international money transfers,2.68
Malta,https://thebanks.eu/list-of-emis/Malta,Openpayd Financial Services Malta Limited,https://thebanks.eu/emis/openpayd-financial-services-malta-355127,global banking and payment solutions,2.75
Malta,https://thebanks.eu/list-of-emis/Malta,Papaya Ltd,https://thebanks.eu/emis/papaya-354747,e-wallets and payment cards,3.66
Malta,https://thebanks.eu/list-of-emis/Malta,Syspay Limited,https://thebanks.eu/emis/syspay-354749,providing payment processing platform,2.26
Malta,https://thebanks.eu/list-of-emis/Malta,Transact Payments Malta Limited,https://thebanks.eu/emis/transact-payments-malta-355228,innovative payment and card solutions,2.76
Lithuania,https://thebanks.eu/list-of-emis/Lithuania,"UAB ""Finansinės paslaugos ""Contis""",https://thebanks.eu/emis/finansines-paslaugos-contis-355021,providing end-to-end payment solution,acquired
Lithuania,https://thebanks.eu/list-of-emis/Lithuania,"UAB ""Rebellion Fintech Services""",https://thebanks.eu/emis/rebellion-fintech-services-355028,providing IBAN accounts and payment cards,3.17
Lithuania,https://thebanks.eu/list-of-emis/Lithuania,UAB Maneuver Lt,https://thebanks.eu/emis/maneuver-lt-354728,alternative banking and payment solutions,4.06
Norway,https://thebanks.eu/list-of-emis/Norway,Buypass Payment AS,https://thebanks.eu/emis/buypass-payment-355133,,internal entity
Malta,https://thebanks.eu/list-of-emis/Malta,UNIONGOLDENPAY LTD,https://thebanks.eu/emis/uniongoldenpay-355041,international payments,2.01
Norway,https://thebanks.eu/list-of-emis/Norway,Espos Norge AS,https://thebanks.eu/emis/espos-norge-355131,providing smart payment solutions,2.23
Norway,https://thebanks.eu/list-of-emis/Norway,OneSettle AS,https://thebanks.eu/emis/onesettle-355222,mobile payments solutions,2.12
Norway,https://thebanks.eu/list-of-emis/Norway,Settle Group AS,https://thebanks.eu/emis/settle-group-354903,providing mobile payment platform,2.49
Norway,https://thebanks.eu/list-of-emis/Norway,STREX AS,https://thebanks.eu/emis/strex-355309,providing mobile wallets,2.57
Poland,https://thebanks.eu/list-of-emis/Poland,Billon Solutions spółka z ograniczoną odpowiedzialnością,https://thebanks.eu/emis/billon-solutions-355103,blockchain technology solutions,2.21
Portugal,https://thebanks.eu/list-of-emis/Portugal,"SFS - Financial Services, IME, SA",https://thebanks.eu/emis/sfs-financial-services-ime-355051,payment services for Sonae Group,internal entity
Romania,https://thebanks.eu/list-of-emis/Romania,Capital Financial Services SA,https://thebanks.eu/emis/capital-financial-services-354751,e-money and e-payment solutions,2.58
Romania,https://thebanks.eu/list-of-emis/Romania,ORANGE MONEY IFN S.A.,https://thebanks.eu/emis/orange-money-ifn-355100,providing m-wallets and payment cards,2.39
Slovakia,https://thebanks.eu/list-of-emis/Slovakia,"SKPAY, a. s.",https://thebanks.eu/emis/skpay-355057,providing payment cards and transfers,3.09
Slovenia,https://thebanks.eu/list-of-emis/Slovenia,"MBILLS družba za izdajo elektronskega denarja in plačilne storitve, d. o. o.",https://thebanks.eu/emis/mbills-druzba-za-izdajo-elektronskega-denarja-in-placilne-storitve-355055,providing payment cards and mobile wallets,2.88
Slovenia,https://thebanks.eu/list-of-emis/Slovenia,"Paywiser družba za izdajo elektronskega denarja in plačilne storitve, d. o. o.",https://thebanks.eu/emis/paywiser-druzba-za-izdajo-elektronskega-denarja-in-placilne-storitve-355265,payment solutions for e-commerce,3.44
Slovenia,https://thebanks.eu/list-of-emis/Slovenia,"Telekom Slovenije, d. d.",https://thebanks.eu/emis/telekom-slovenije-355056,mobile payments,internal entity
Spain,https://thebanks.eu/list-of-emis/Spain,"BIP & DRIVE E.D.E, S.A.",https://thebanks.eu/emis/bip-and-drive-ede-354943,electronic toll collection tools,2.99
Spain,https://thebanks.eu/list-of-emis/Spain,"CURRENCIES DIRECT SPAIN, EDE, S.L.",https://thebanks.eu/emis/currencies-direct-spain-ede-355117,currency and money transfers,3.77
Spain,https://thebanks.eu/list-of-emis/Spain,"FINPAY ENTIDAD DE DINERO ELECTRÓNICO, S.A.",https://thebanks.eu/emis/finpay-entidad-de-dinero-electronico-355139,providing b2b payment platform,1.89
Spain,https://thebanks.eu/list-of-emis/Spain,"GLOBAL PAYMENTS MONEYTOPAY, EDE, S.L.",https://thebanks.eu/emis/global-payments-moneytopay-ede-354944,providing payment cards and e-wallets,2.86
Spain,https://thebanks.eu/list-of-emis/Spain,"PAGONXT ONETRADE ESPAÑA EDE, S.L.",https://thebanks.eu/emis/pagonxt-onetrade-espana-ede-355312,providing payment infrastructure,2.91
Spain,https://thebanks.eu/list-of-emis/Spain,"PECUNIA CARDS E.D.E., S.L.",https://thebanks.eu/emis/pecunia-cards-ede-354946,providing payment cards and e-wallets,3.01
Spain,https://thebanks.eu/list-of-emis/Spain,"SEFIDE, E.D.E., S.L.",https://thebanks.eu/emis/sefide-ede-354945,providing payment infrastructure,2.68
Spain,https://thebanks.eu/list-of-emis/Spain,"UNNAX REGULATORY SERVICES, ENTIDAD DE DINERO ELECTRÓNICO, SOCIEDAD LIMITADA",https://thebanks.eu/emis/unnax-regulatory-services-entidad-de-dinero-electronico-355093,providing open banking platform,2.48
Spain,https://thebanks.eu/list-of-emis/Spain,"UP AGANEA EDE, S.A.",https://thebanks.eu/emis/up-aganea-ede-354904,providing mobile payment platform for e-commerce,3.04
Spain,https://thebanks.eu/list-of-emis/Spain,"BNEXT ELECTRONIC ISSUER, E.D.E., SOCIEDAD LIMITADA",https://thebanks.eu/emis/bnext-electronic-issuer-ede-355111,alternative banking solutions,2.96
Sweden,https://thebanks.eu/list-of-emis/Sweden,Smart Refill i Helsingborg AB,https://thebanks.eu/emis/smart-refill-i-helsingborg-355052,providing payment infrastructure,2.51
Sweden,https://thebanks.eu/list-of-emis/Sweden,Steven AB,https://thebanks.eu/emis/steven-355054,mobile payment application,2.60
Sweden,https://thebanks.eu/list-of-emis/Sweden,Talkremit AB,https://thebanks.eu/emis/talkremit-355270,low-cost money transfers,3.20
Sweden,https://thebanks.eu/list-of-emis/Sweden,Intergiro International Stockholm AB (publ),https://thebanks.eu/emis/intergiro-international-stockholm-355053,providing current accounts and payment cards,4.08
Sweden,https://thebanks.eu/list-of-emis/Sweden,Mynt AB,https://thebanks.eu/emis/mynt-355266,company expense management,3.65
Switzerland,https://thebanks.eu/list-of-emis/Switzerland,Klarpay AG,https://thebanks.eu/emis/klarpay-355326,providing corporate Swiss accounts,None
Switzerland,https://thebanks.eu/list-of-emis/Switzerland,SR Saphirstein AG,https://thebanks.eu/emis/sr-saphirstein-355327,Swiss banking in Web3,None
Switzerland,https://thebanks.eu/list-of-emis/Switzerland,Yapeal AG,https://thebanks.eu/emis/yapeal-355328,Swiss accounts and cards,None
United Kingdom,https://thebanks.eu/list-of-emis/United-Kingdom,MultiPass Platforms Limited,https://thebanks.eu/emis/multipass-platforms-354783,"banking services, cross-border payment solutions",4.51
United Kingdom,https://thebanks.eu/list-of-emis/United-Kingdom,Pay Set Limited,https://thebanks.eu/emis/pay-set-355206,providing multi-currency IBAN accounts,4.80
United Kingdom,https://thebanks.eu/list-of-emis/United-Kingdom,Wise Payments Limited,https://thebanks.eu/emis/wise-payments-354848,global cross-border payments,4.85
United Kingdom,https://thebanks.eu/list-of-emis/United-Kingdom,Currencies Direct Limited,https://thebanks.eu/emis/currencies-direct-354880,currency and money transfers,4.11
United Kingdom,https://thebanks.eu/list-of-emis/United-Kingdom,Curve UK Limited,https://thebanks.eu/emis/curve-uk-355079,providing payment cards,3.22
United Kingdom,https://thebanks.eu/list-of-emis/United-Kingdom,myPOS Payments Ltd,https://thebanks.eu/emis/mypos-payments-354812,providing payment solutions to merchants,4.14
United Kingdom,https://thebanks.eu/list-of-emis/United-Kingdom,Soldo Financial Services Ltd,https://thebanks.eu/emis/soldo-financial-services-354838,expense management platform,3.97
United Kingdom,https://thebanks.eu/list-of-emis/United-Kingdom,Tor Currency Exchange Limited,https://thebanks.eu/emis/tor-currency-exchange-354881,international money transfers,3.83
United Kingdom,https://thebanks.eu/list-of-emis/United-Kingdom,UKForex Limited,https://thebanks.eu/emis/ukforex-354987,foreign exchange and international payments,4.04
United Kingdom,https://thebanks.eu/list-of-emis/United-Kingdom,3S Money Club Limited,https://thebanks.eu/emis/3s-money-club-354966,international trade,4.03
United Kingdom,https://thebanks.eu/list-of-emis/United-Kingdom,Allied Wallet Ltd,https://thebanks.eu/emis/allied-wallet-354757,turnkey payment gateway solutions,in liquidation
United Kingdom,https://thebanks.eu/list-of-emis/United-Kingdom,Bilderlings Pay Limited,https://thebanks.eu/emis/bilderlings-pay-354764,offering banking services,4.57
United Kingdom,https://thebanks.eu/list-of-emis/United-Kingdom,CashDash UK Limited,https://thebanks.eu/emis/cashdash-uk-354769,payment operating system,2.72
United Kingdom,https://thebanks.eu/list-of-emis/United-Kingdom,CashFlows Europe Limited,https://thebanks.eu/emis/cashflows-europe-354770,aiming to maximize payment acceptance of its customers,3.64
United Kingdom,https://thebanks.eu/list-of-emis/United-Kingdom,Caxton Payments Ltd,https://thebanks.eu/emis/caxton-payments-354771,international payments,3.87
United Kingdom,https://thebanks.eu/list-of-emis/United-Kingdom,Decta Limited,https://thebanks.eu/emis/decta-354780,providing a flexible payment processing platform,3.82
United Kingdom,https://thebanks.eu/list-of-emis/United-Kingdom,eMerchantPay Ltd,https://thebanks.eu/emis/emerchantpay-354787,payment optimization solutions for businesses,3.26
United Kingdom,https://thebanks.eu/list-of-emis/United-Kingdom,Fondy Ltd,https://thebanks.eu/emis/fondy-354795,providing cross-platform payment system,3.28
United Kingdom,https://thebanks.eu/list-of-emis/United-Kingdom,Foreign Currency Exchange Limited,https://thebanks.eu/emis/foreign-currency-exchange-354796,FX services for businesses and personal customers,3.65
United Kingdom,https://thebanks.eu/list-of-emis/United-Kingdom,Lumon Pay Plc,https://thebanks.eu/emis/lumon-pay-354986,foreign exchange and international transfers,3.42
United Kingdom,https://thebanks.eu/list-of-emis/United-Kingdom,Mercury Foreign Exchange Limited,https://thebanks.eu/emis/mercury-foreign-exchange-354985,foreign exchange and international transfers,3.80
United Kingdom,https://thebanks.eu/list-of-emis/United-Kingdom,Paysafe Financial Services Limited,https://thebanks.eu/emis/paysafe-financial-services-354826,digital payment solutions for businesses,3.14
United Kingdom,https://thebanks.eu/list-of-emis/United-Kingdom,PaySend Plc,https://thebanks.eu/emis/paysend-354827,international money transfers,4.21
United Kingdom,https://thebanks.eu/list-of-emis/United-Kingdom,Prepaid Services Company Limited,https://thebanks.eu/emis/prepaid-services-company-354831,payment solutions for businesses,2.95
United Kingdom,https://thebanks.eu/list-of-emis/United-Kingdom,Silverbird Global Limited,https://thebanks.eu/emis/silverbird-global-355300,business account for international trade,3.85
United Kingdom,https://thebanks.eu/list-of-emis/United-Kingdom,Skrill Limited,https://thebanks.eu/emis/skrill-354837,developing global payment solutions,3.52
United Kingdom,https://thebanks.eu/list-of-emis/United-Kingdom,Stripe Payments UK Limited,https://thebanks.eu/emis/stripe-payments-uk-354839,software platform for running Internet business,3.44
United Kingdom,https://thebanks.eu/list-of-emis/United-Kingdom,SumUp Payments Limited,https://thebanks.eu/emis/sumup-payments-354840,payment processing platform,3.27
United Kingdom,https://thebanks.eu/list-of-emis/United-Kingdom,The ai Corporation Limited,https://thebanks.eu/emis/the-ai-corporation-354843,payment processing for merchants,2.68
United Kingdom,https://thebanks.eu/list-of-emis/United-Kingdom,Tide Platform Limited,https://thebanks.eu/emis/tide-platform-354997,providing e-money accounts and payment cards,3.71
United Kingdom,https://thebanks.eu/list-of-emis/United-Kingdom,Unison Global Markets (UGM) Ltd,https://thebanks.eu/emis/unison-global-markets-ugm-355297,providing payment solutions,coming soon
United Kingdom,https://thebanks.eu/list-of-emis/United-Kingdom,World First UK Limited,https://thebanks.eu/emis/world-first-uk-354861,international money transfers for businesses and individuals,3.96
United Kingdom,https://thebanks.eu/list-of-emis/United-Kingdom,A Plus Payment Solutions Ltd,https://thebanks.eu/emis/a-plus-payment-solutions-355153,online payment solutions,3.26
United Kingdom,https://thebanks.eu/list-of-emis/United-Kingdom,Aave Limited,https://thebanks.eu/emis/aave-355183,,coming soon
United Kingdom,https://thebanks.eu/list-of-emis/United-Kingdom,Ace Union Limited,https://thebanks.eu/emis/ace-union-354753,online payments solutions,3.05
United Kingdom,https://thebanks.eu/list-of-emis/United-Kingdom,AD FINANCIAL GROUP LTD,https://thebanks.eu/emis/ad-financial-group-355204,payment services for business,2.81
United Kingdom,https://thebanks.eu/list-of-emis/United-Kingdom,AF Payments Limited,https://thebanks.eu/emis/af-payments-354754,providing services for electronic payments,3.28
United Kingdom,https://thebanks.eu/list-of-emis/United-Kingdom,Airbnb Payments UK Limited,https://thebanks.eu/emis/airbnb-payments-uk-354755,payment processing on behalf of Airbnb,internal entity
United Kingdom,https://thebanks.eu/list-of-emis/United-Kingdom,Airwallex (UK) Limited,https://thebanks.eu/emis/airwallex-uk-354756,"high speed, low cost global payments",4.14
United Kingdom,https://thebanks.eu/list-of-emis/United-Kingdom,ALGBRA GROUP LIMITED,https://thebanks.eu/emis/algbra-group-355325,ethical accounts and cards,3.35
United Kingdom,https://thebanks.eu/list-of-emis/United-Kingdom,Alipay (UK) Limited,https://thebanks.eu/emis/alipay-uk-355202,international payment platform,2.65
United Kingdom,https://thebanks.eu/list-of-emis/United-Kingdom,Allpay Limited,https://thebanks.eu/emis/allpay-354758,payment processing solutions,3.15
United Kingdom,https://thebanks.eu/list-of-emis/United-Kingdom,Allstar Business Solutions Limited,https://thebanks.eu/emis/allstar-business-solutions-354759,business expense solutions,3.46
United Kingdom,https://thebanks.eu/list-of-emis/United-Kingdom,Alpha FX Limited,https://thebanks.eu/emis/alpha-fx-354760,international foreign exchange,3.41
United Kingdom,https://thebanks.eu/list-of-emis/United-Kingdom,ALTPAY Ltd,https://thebanks.eu/emis/altpay-354982,alternative banking solutions,3.95
United Kingdom,https://thebanks.eu/list-of-emis/United-Kingdom,Amaiz Limited,https://thebanks.eu/emis/amaiz-354905,providing business accounts,3.90
United Kingdom,https://thebanks.eu/list-of-emis/United-Kingdom,Andaria Financial Services UK Limited,https://thebanks.eu/emis/andaria-financial-services-uk-355272,providing business accounts,2.95
United Kingdom,https://thebanks.eu/list-of-emis/United-Kingdom,Argentex LLP,https://thebanks.eu/emis/argentex-354995,foreign exchange and international payments,3.79
United Kingdom,https://thebanks.eu/list-of-emis/United-Kingdom,ASOS Payments UK Limited,https://thebanks.eu/emis/asos-payments-uk-355324,payment processing for ASOS Group,internal entity
United Kingdom,https://thebanks.eu/list-of-emis/United-Kingdom,Authoripay Emoney Ltd,https://thebanks.eu/emis/authoripay-emoney-355081,prepaid cards and IBAN issuing,3.62
United Kingdom,https://thebanks.eu/list-of-emis/United-Kingdom,Avila House Limited,https://thebanks.eu/emis/avila-house-354983,multi-currency e-wallets,acquired
United Kingdom,https://thebanks.eu/list-of-emis/United-Kingdom,Azure Payments Ltd,https://thebanks.eu/emis/azure-payments-355172,providing accounts and cards,3.30
United Kingdom,https://thebanks.eu/list-of-emis/United-Kingdom,Babb Remit Ltd,https://thebanks.eu/emis/babb-remit-355293,providing personal wallets,3.28
United Kingdom,https://thebanks.eu/list-of-emis/United-Kingdom,Bancom Europe Ltd,https://thebanks.eu/emis/bancom-europe-354763,vital financial components for organizations,3.10
United Kingdom,https://thebanks.eu/list-of-emis/United-Kingdom,BASTION FINGROUP LIMITED,https://thebanks.eu/emis/bastion-fingroup-355167,providing payment accounts and cards,3.43
United Kingdom,https://thebanks.eu/list-of-emis/United-Kingdom,BeAccount Ltd,https://thebanks.eu/emis/beaccount-355255,providing payment accounts and cards,3.51
United Kingdom,https://thebanks.eu/list-of-emis/United-Kingdom,Bedford Pay LTD,https://thebanks.eu/emis/bedford-pay-354960,providing simple payment system,3.45
United Kingdom,https://thebanks.eu/list-of-emis/United-Kingdom,BEPI LTD,https://thebanks.eu/emis/bepi-355296,payment acceptance and processing,coming soon
United Kingdom,https://thebanks.eu/list-of-emis/United-Kingdom,Biilz UK Ltd,https://thebanks.eu/emis/biilz-uk-355165,providing mobile wallets and payment cards,2.84
United Kingdom,https://thebanks.eu/list-of-emis/United-Kingdom,Billon Financial Ltd,https://thebanks.eu/emis/billon-financial-354973,blockchain solutions for payment processing,2.46
United Kingdom,https://thebanks.eu/list-of-emis/United-Kingdom,BlaBla Connect Limited,https://thebanks.eu/emis/blabla-connect-354765,platform for low cost international calls,2.59
United Kingdom,https://thebanks.eu/list-of-emis/United-Kingdom,BNKPro Ltd,https://thebanks.eu/emis/bnkpro-354980,providing payment accounts and cards,3.00
United Kingdom,https://thebanks.eu/list-of-emis/United-Kingdom,Boku Account Services UK Ltd,https://thebanks.eu/emis/boku-account-services-uk-354767,connecting mobile operators and online merchants,2.65
United Kingdom,https://thebanks.eu/list-of-emis/United-Kingdom,Bondsmith Savings Ltd,https://thebanks.eu/emis/bondsmith-savings-355323,providing banking as a service platform,2.31
United Kingdom,https://thebanks.eu/list-of-emis/United-Kingdom,BOOKING HOLDINGS FINANCIAL SERVICES UK LIMITED,https://thebanks.eu/emis/booking-holdings-financial-services-uk-355322,payment processing for Booking Holdings,internal entity
United Kingdom,https://thebanks.eu/list-of-emis/United-Kingdom,BRAZAUK LTD,https://thebanks.eu/emis/brazauk-354969,FX and payment services for businesses,2.83
United Kingdom,https://thebanks.eu/list-of-emis/United-Kingdom,Cambridge Mercantile Corp. (UK) Limited,https://thebanks.eu/emis/cambridge-mercantile-corp-uk-354768,providing foreign exchange and global payments services to businesses,3.44
United Kingdom,https://thebanks.eu/list-of-emis/United-Kingdom,Centtrip Limited,https://thebanks.eu/emis/centtrip-354773,foreign exchange and international payments,3.36
United Kingdom,https://thebanks.eu/list-of-emis/United-Kingdom,CFS-ZIPP Limited,https://thebanks.eu/emis/cfs-zipp-354774,providing e-payment solutions,3.14
United Kingdom,https://thebanks.eu/list-of-emis/United-Kingdom,Checkout Ltd,https://thebanks.eu/emis/checkout-355077,online payment processing platform,3.05
United Kingdom,https://thebanks.eu/list-of-emis/United-Kingdom,Circle UK Trading Limited,https://thebanks.eu/emis/circle-uk-trading-354775,global crypto finance,2.94
United Kingdom,https://thebanks.eu/list-of-emis/United-Kingdom,Clear Junction Ltd,https://thebanks.eu/emis/clear-junction-354776,providing payment infrastructure services,3.49
United Kingdom,https://thebanks.eu/list-of-emis/United-Kingdom,COLIBRIX LIMITED,https://thebanks.eu/emis/colibrix-355136,business payment solutions,3.22
United Kingdom,https://thebanks.eu/list-of-emis/United-Kingdom,COMETA PAY LTD,https://thebanks.eu/emis/cometa-pay-354976,providing payment platform for businesses,2.63
United Kingdom,https://thebanks.eu/list-of-emis/United-Kingdom,Conto Group Limited,https://thebanks.eu/emis/conto-group-355276,providing e-wallet accounts,waiting list
United Kingdom,https://thebanks.eu/list-of-emis/United-Kingdom,Cornerstone Payment Solutions Ltd,https://thebanks.eu/emis/cornerstone-payment-solutions-355253,providing business accounts,3.44
United Kingdom,https://thebanks.eu/list-of-emis/United-Kingdom,Cospay Limited,https://thebanks.eu/emis/cospay-354822,providing payment services to merchants,3.02
United Kingdom,https://thebanks.eu/list-of-emis/United-Kingdom,Currenxie (UK) Ltd,https://thebanks.eu/emis/currenxie-uk-355203,providing global business accounts,3.93
United Kingdom,https://thebanks.eu/list-of-emis/United-Kingdom,DigiDoe Ltd,https://thebanks.eu/emis/digidoe-355260,providing payment accounts and cards,3.35
United Kingdom,https://thebanks.eu/list-of-emis/United-Kingdom,Digital Capital Ltd,https://thebanks.eu/emis/digital-capital-354781,providing payment solutions,3.24
United Kingdom,https://thebanks.eu/list-of-emis/United-Kingdom,DiPocket Limited,https://thebanks.eu/emis/dipocket-354782,providing cashless payment solutions in one mobile app,2.97
United Kingdom,https://thebanks.eu/list-of-emis/United-Kingdom,Dzing Finance Ltd,https://thebanks.eu/emis/dzing-finance-354963,providing payment cards and IBAN accounts,3.54
United Kingdom,https://thebanks.eu/list-of-emis/United-Kingdom,Ebury Partners UK Limited,https://thebanks.eu/emis/ebury-partners-uk-354785,providing international payments for business,3.46
United Kingdom,https://thebanks.eu/list-of-emis/United-Kingdom,eCOMM Merchant Solutions Limited,https://thebanks.eu/emis/ecomm-merchant-solutions-354786,providing payment and card processing services,2.93
United Kingdom,https://thebanks.eu/list-of-emis/United-Kingdom,Ecommerce Technologies LTD,https://thebanks.eu/emis/ecommerce-technologies-355193,providing IBAN accounts,3.66
United Kingdom,https://thebanks.eu/list-of-emis/United-Kingdom,Electronic Payment Solutions Ltd,https://thebanks.eu/emis/electronic-payment-solutions-354907,providing payment platform for businesses,2.69
United Kingdom,https://thebanks.eu/list-of-emis/United-Kingdom,Emerald Financial Group (UK) Ltd,https://thebanks.eu/emis/emerald-financial-group-uk-354962,providing payment platform for businesses,3.54
United Kingdom,https://thebanks.eu/list-of-emis/United-Kingdom,Entropay Limited,https://thebanks.eu/emis/entropay-354788,"fast online payments, providing payment cards",closed down
United Kingdom,https://thebanks.eu/list-of-emis/United-Kingdom,Enumis Limited,https://thebanks.eu/emis/enumis-354878,providing e-money and e-payment solutions,3.48
United Kingdom,https://thebanks.eu/list-of-emis/United-Kingdom,Eqwire UK Limited,https://thebanks.eu/emis/eqwire-uk-355154,global payments solutions,coming soon
United Kingdom,https://thebanks.eu/list-of-emis/United-Kingdom,ETA Money Limited,https://thebanks.eu/emis/eta-money-355087,payment processing solutions,2.77
United Kingdom,https://thebanks.eu/list-of-emis/United-Kingdom,eToro Money UK Ltd,https://thebanks.eu/emis/etoro-money-uk-354971,debit cards,internal entity
United Kingdom,https://thebanks.eu/list-of-emis/United-Kingdom,Euro Exchange Securities UK Ltd,https://thebanks.eu/emis/euro-exchange-securities-uk-354790,international money transfers and currency exchange,3.15
United Kingdom,https://thebanks.eu/list-of-emis/United-Kingdom,Euronet 360 Finance Limited,https://thebanks.eu/emis/euronet-360-finance-354791,prepaid payment processing for retailers,2.96
United Kingdom,https://thebanks.eu/list-of-emis/United-Kingdom,FAIR PAYMENTS LIMITED,https://thebanks.eu/emis/fair-payments-354972,payment cards and international transfers,3.86
United Kingdom,https://thebanks.eu/list-of-emis/United-Kingdom,Fasterpay Ltd,https://thebanks.eu/emis/fasterpay-354793,payment processing solutions,3.69
United Kingdom,https://thebanks.eu/list-of-emis/United-Kingdom,Fiat Republic Financial Services Ltd,https://thebanks.eu/emis/fiat-republic-financial-services-354821,providing flexible payments solutions,2.93
United Kingdom,https://thebanks.eu/list-of-emis/United-Kingdom,FIDO FINANCE LIMITED,https://thebanks.eu/emis/fido-finance-355210,payment solutions for businesses,3.43
United Kingdom,https://thebanks.eu/list-of-emis/United-Kingdom,Financial House Limited,https://thebanks.eu/emis/financial-house-354909,banking and payment infrastructure,2.98
United Kingdom,https://thebanks.eu/list-of-emis/United-Kingdom,Finblocks Ltd,https://thebanks.eu/emis/finblocks-355161,providing payment platform,2.31
United Kingdom,https://thebanks.eu/list-of-emis/United-Kingdom,FinPayTech Ltd,https://thebanks.eu/emis/finpaytech-354994,turnkey payment solutions,2.30
United Kingdom,https://thebanks.eu/list-of-emis/United-Kingdom,Fintech Valley Ltd,https://thebanks.eu/emis/fintech-valley-355069,providing IBAN accounts,coming soon
United Kingdom,https://thebanks.eu/list-of-emis/United-Kingdom,FIRE FINANCIAL SERVICES LIMITED,https://thebanks.eu/emis/fire-financial-services-354965,integrated payment solutions for businesses,3.63
United Kingdom,https://thebanks.eu/list-of-emis/United-Kingdom,First Rate Exchange Services Ltd,https://thebanks.eu/emis/first-rate-exchange-services-354794,FX services for businesses,3.27
United Kingdom,https://thebanks.eu/list-of-emis/United-Kingdom,Frontier Global Consultants Ltd,https://thebanks.eu/emis/frontier-global-consultants-354956,accessible business banking,4.56
United Kingdom,https://thebanks.eu/list-of-emis/United-Kingdom,Frost Money Ltd,https://thebanks.eu/emis/frost-money-355258,providing e-wallets and payment cards,waiting list
United Kingdom,https://thebanks.eu/list-of-emis/United-Kingdom,GBXP LTD,https://thebanks.eu/emis/gbxp-354957,cross-border payments,2.89
United Kingdom,https://thebanks.eu/list-of-emis/United-Kingdom,Gemini Europe Ltd,https://thebanks.eu/emis/gemini-europe-355170,crypto trading platform,2.84
United Kingdom,https://thebanks.eu/list-of-emis/United-Kingdom,Glint Pay Services Ltd,https://thebanks.eu/emis/glint-pay-services-354797,providing buy/sell gold operations using Glint MasterCard cards,3.59
United Kingdom,https://thebanks.eu/list-of-emis/United-Kingdom,Global Star Finance Ltd,https://thebanks.eu/emis/global-star-finance-354911,providing business accounts,3.22
United Kingdom,https://thebanks.eu/list-of-emis/United-Kingdom,Google Payment Limited,https://thebanks.eu/emis/google-payment-354798,processing payment related to Google,internal entity
United Kingdom,https://thebanks.eu/list-of-emis/United-Kingdom,Guavapay Limited,https://thebanks.eu/emis/guavapay-354968,alternative banking solutions,4.17
United Kingdom,https://thebanks.eu/list-of-emis/United-Kingdom,GVS Prepaid Limited,https://thebanks.eu/emis/gvs-prepaid-354799,issuing gift cards for UK and Ireland customers,acquired
United Kingdom,https://thebanks.eu/list-of-emis/United-Kingdom,Hargreaves Lansdown Savings Limited,https://thebanks.eu/emis/hargreaves-lansdown-savings-355088,alternative savings accounts,internal entity
United Kingdom,https://thebanks.eu/list-of-emis/United-Kingdom,IFX (UK) Ltd,https://thebanks.eu/emis/ifx-uk-354802,providing foreign exchange and financial technology services,4.01
United Kingdom,https://thebanks.eu/list-of-emis/United-Kingdom,Interpay UK ltd,https://thebanks.eu/emis/interpay-uk-355067,B2B-payments technology solution,3.79
United Kingdom,https://thebanks.eu/list-of-emis/United-Kingdom,IPAGOO LLP,https://thebanks.eu/emis/ipagoo-354817,providing cash management solutions,in administration
United Kingdom,https://thebanks.eu/list-of-emis/United-Kingdom,ISX Financial UK Ltd,https://thebanks.eu/emis/isx-financial-uk-355171,"payment, identity & e-money solutions",3.00
United Kingdom,https://thebanks.eu/list-of-emis/United-Kingdom,Kashet Ltd,https://thebanks.eu/emis/kashet-355145,,waiting list
United Kingdom,https://thebanks.eu/list-of-emis/United-Kingdom,KURINGO UK LIMITED,https://thebanks.eu/emis/kuringo-uk-355259,international money transfers,2.94
United Kingdom,https://thebanks.eu/list-of-emis/United-Kingdom,Larstal Limited,https://thebanks.eu/emis/larstal-355070,providing payment cards,2.57
United Kingdom,https://thebanks.eu/list-of-emis/United-Kingdom,Leatherback Ltd,https://thebanks.eu/emis/leatherback-355157,providing multi-currency accounts,2.81
United Kingdom,https://thebanks.eu/list-of-emis/United-Kingdom,Luxon Payments Limited,https://thebanks.eu/emis/luxon-payments-354955,foreign exchange and international transfers,3.16
United Kingdom,https://thebanks.eu/list-of-emis/United-Kingdom,Lycamoney Financial Services Ltd,https://thebanks.eu/emis/lycamoney-financial-services-354807,issuing prepaid MasterCard cards,closed down
United Kingdom,https://thebanks.eu/list-of-emis/United-Kingdom,MAAYAN PAYMENTS LTD,https://thebanks.eu/emis/maayan-payments-355251,alternative banking services,3.52
United Kingdom,https://thebanks.eu/list-of-emis/United-Kingdom,Meta Financial UK Limited,https://thebanks.eu/emis/meta-financial-uk-355330,payment processing for Meta Platforms,internal entity
United Kingdom,https://thebanks.eu/list-of-emis/United-Kingdom,MiFinity UK Limited,https://thebanks.eu/emis/mifinity-uk-355060,offering e-wallets and payment cards,3.64
United Kingdom,https://thebanks.eu/list-of-emis/United-Kingdom,MIR Limited UK Ltd,https://thebanks.eu/emis/mir-limited-uk-354808,e-wallets and payment cards,3.33
United Kingdom,https://thebanks.eu/list-of-emis/United-Kingdom,Modulr FS Limited,https://thebanks.eu/emis/modulr-fs-354979,providing payment platform for businesses,3.47
United Kingdom,https://thebanks.eu/list-of-emis/United-Kingdom,MONAVATE LTD,https://thebanks.eu/emis/monavate-355162,providing frameworks for FinTechs,2.37
United Kingdom,https://thebanks.eu/list-of-emis/United-Kingdom,MONELIQ LTD,https://thebanks.eu/emis/moneliq-355184,payment solutions for merchants,2.80
United Kingdom,https://thebanks.eu/list-of-emis/United-Kingdom,Monetley LTD,https://thebanks.eu/emis/monetley-355205,providing IBAN accounts,3.01
United Kingdom,https://thebanks.eu/list-of-emis/United-Kingdom,MoneyNetInt Ltd,https://thebanks.eu/emis/moneynetint-354810,providing international payment services,waiting list
United Kingdom,https://thebanks.eu/list-of-emis/United-Kingdom,Monitox Ltd,https://thebanks.eu/emis/monitox-355084,providing payment solutions,3.14
United Kingdom,https://thebanks.eu/list-of-emis/United-Kingdom,MONTIFY LTD,https://thebanks.eu/emis/montify-355179,providing payment accounts,3.81
United Kingdom,https://thebanks.eu/list-of-emis/United-Kingdom,Moorwand Ltd,https://thebanks.eu/emis/moorwand-354811,end-to-end payment solutions,3.62
United Kingdom,https://thebanks.eu/list-of-emis/United-Kingdom,Nation Remit Ltd,https://thebanks.eu/emis/nation-remit-355209,remittance services,2.81
United Kingdom,https://thebanks.eu/list-of-emis/United-Kingdom,New Wave Capital Limited,https://thebanks.eu/emis/new-wave-capital-354970,credit cards for SMEs and self-employed,3.77
United Kingdom,https://thebanks.eu/list-of-emis/United-Kingdom,Nium Fintech Limited,https://thebanks.eu/emis/nium-fintech-355194,global money transfers,3.76
United Kingdom,https://thebanks.eu/list-of-emis/United-Kingdom,Nochex Ltd,https://thebanks.eu/emis/nochex-354974,payment solutions for businesses,3.68
United Kingdom,https://thebanks.eu/list-of-emis/United-Kingdom,Noveba Limited,https://thebanks.eu/emis/noveba-354959,providing payment cards and e-wallets,3.11
United Kingdom,https://thebanks.eu/list-of-emis/United-Kingdom,Nvayo Limited,https://thebanks.eu/emis/nvayo-354806,bespoke e-money products,2.95
United Kingdom,https://thebanks.eu/list-of-emis/United-Kingdom,OMEGA BAAP LIMITED,https://thebanks.eu/emis/omega-baap-355200,beneficial banking alternative,3.09
United Kingdom,https://thebanks.eu/list-of-emis/United-Kingdom,OMNIO EMI LIMITED,https://thebanks.eu/emis/omnio-emi-354851,proprietary payment platform for businesses,3.16
United Kingdom,https://thebanks.eu/list-of-emis/United-Kingdom,One Money Mail Limited,https://thebanks.eu/emis/one-money-mail-355061,B2B payment solutions,2.46
United Kingdom,https://thebanks.eu/list-of-emis/United-Kingdom,One Stop Money Manager Ltd,https://thebanks.eu/emis/one-stop-money-manager-354814,online payment processing for Internet merchants,in liquidation
United Kingdom,https://thebanks.eu/list-of-emis/United-Kingdom,Opay Holding Limited,https://thebanks.eu/emis/opay-holding-355090,payment acceptance and processing,3.78
United Kingdom,https://thebanks.eu/list-of-emis/United-Kingdom,Optal Financial Limited,https://thebanks.eu/emis/optal-financial-354816,B2B payment optimization solutions,acquired
United Kingdom,https://thebanks.eu/list-of-emis/United-Kingdom,Optimus Cards UK Limited,https://thebanks.eu/emis/optimus-cards-uk-354912,white level debit card programs,2.98
United Kingdom,https://thebanks.eu/list-of-emis/United-Kingdom,Ozan Limited,https://thebanks.eu/emis/ozan-354819,providing mobile payment application,3.16
United Kingdom,https://thebanks.eu/list-of-emis/United-Kingdom, UK LTD,https://thebanks.eu/emis/parama-uk-355142,money transfers to Turkey,2.51
United Kingdom,https://thebanks.eu/list-of-emis/United-Kingdom,PAX2PAY LTD,https://thebanks.eu/emis/pax2pay-355329,B2B travel payments,3.03
United Kingdom,https://thebanks.eu/list-of-emis/United-Kingdom,PAYALLY LIMITED,https://thebanks.eu/emis/payally-355294,payment processing and accounts,3.47
United Kingdom,https://thebanks.eu/list-of-emis/United-Kingdom,Payen Limited,https://thebanks.eu/emis/payen-354850,payment and cross-border solutions,3.46
United Kingdom,https://thebanks.eu/list-of-emis/United-Kingdom,Payler Ltd,https://thebanks.eu/emis/payler-355277,online payment processing,3.08
United Kingdom,https://thebanks.eu/list-of-emis/United-Kingdom,PAYMENT CARD SOLUTIONS (UK) LIMITED,https://thebanks.eu/emis/payment-card-solutions-uk-355168,business expense solutions,2.89
United Kingdom,https://thebanks.eu/list-of-emis/United-Kingdom,Paymentsense Limited,https://thebanks.eu/emis/paymentsense-354958,card processing for small businesses,3.61
United Kingdom,https://thebanks.eu/list-of-emis/United-Kingdom,Paynetworx Group Ltd,https://thebanks.eu/emis/paynetworx-group-354805,card payment and merchant solutions,3.40
United Kingdom,https://thebanks.eu/list-of-emis/United-Kingdom,Payoma Limited,https://thebanks.eu/emis/payoma-354824,digital payment solutions,3.41
United Kingdom,https://thebanks.eu/list-of-emis/United-Kingdom,PayrNet Limited,https://thebanks.eu/emis/payrnet-354825,digital finance and payment solutions for businesses,2.97
United Kingdom,https://thebanks.eu/list-of-emis/United-Kingdom,PAYRON LIMITED,https://thebanks.eu/emis/payron-355250,payment processing for e-commerce,2.85
United Kingdom,https://thebanks.eu/list-of-emis/United-Kingdom,Paystree Ltd,https://thebanks.eu/emis/paystree-355197,providing payment accounts,3.66
United Kingdom,https://thebanks.eu/list-of-emis/United-Kingdom,Payver Limited,https://thebanks.eu/emis/payver-355082,payment processing solutions,3.00
United Kingdom,https://thebanks.eu/list-of-emis/United-Kingdom,PAYWISER LIMITED,https://thebanks.eu/emis/paywiser-355095,innovative payment solutions,3.32
United Kingdom,https://thebanks.eu/list-of-emis/United-Kingdom,PIXXLES LTD,https://thebanks.eu/emis/pixxles-355249,payment acceptance and processing,3.69
United Kingdom,https://thebanks.eu/list-of-emis/United-Kingdom,Pomelo Group Ltd,https://thebanks.eu/emis/pomelo-group-355147,payment solutions for businesses,3.43
United Kingdom,https://thebanks.eu/list-of-emis/United-Kingdom,PPRO Financial Limited,https://thebanks.eu/emis/ppro-financial-354829,payment platform for e-money and payments,3.64
United Kingdom,https://thebanks.eu/list-of-emis/United-Kingdom,PRACTIKA FINANCE LTD,https://thebanks.eu/emis/practika-finance-355160,providing IBAN accounts,2.68
United Kingdom,https://thebanks.eu/list-of-emis/United-Kingdom,Prepaid Financial Services Limited,https://thebanks.eu/emis/prepaid-financial-services-354830,providing payment cards solutions,2.87
United Kingdom,https://thebanks.eu/list-of-emis/United-Kingdom,Privalgo Limited,https://thebanks.eu/emis/privalgo-354913,foreign exchange solutions,3.64
United Kingdom,https://thebanks.eu/list-of-emis/United-Kingdom,Privat 3 Money Ltd,https://thebanks.eu/emis/privat-3-money-355083,providing IBAN accounts,waiting list
United Kingdom,https://thebanks.eu/list-of-emis/United-Kingdom,Project Imagine Ltd,https://thebanks.eu/emis/project-imagine-355078,building FinTech solutions,2.19
United Kingdom,https://thebanks.eu/list-of-emis/United-Kingdom,PSI-Pay Ltd,https://thebanks.eu/emis/psi-pay-354833,partner sponsorship payment solutions,2.63
United Kingdom,https://thebanks.eu/list-of-emis/United-Kingdom,Recary Ltd,https://thebanks.eu/emis/recary-355182,global payment services,3.60
United Kingdom,https://thebanks.eu/list-of-emis/United-Kingdom,Redbanx Limited,https://thebanks.eu/emis/redbanx-355085,global banking platform,2.63
United Kingdom,https://thebanks.eu/list-of-emis/United-Kingdom,REMITTANCE360 LTD,https://thebanks.eu/emis/remittance360-355163,payment remittance infrastructure,2.73
United Kingdom,https://thebanks.eu/list-of-emis/United-Kingdom,Remium Limited,https://thebanks.eu/emis/remium-355196,online payment processing,2.81
United Kingdom,https://thebanks.eu/list-of-emis/United-Kingdom,RightCard Payment Services Limited,https://thebanks.eu/emis/rightcard-payment-services-354835,financial technology solutions,2.70
United Kingdom,https://thebanks.eu/list-of-emis/United-Kingdom,RONGHAN INTERNATIONAL LIMITED,https://thebanks.eu/emis/ronghan-international-355257,payment acquiring,2.46
United Kingdom,https://thebanks.eu/list-of-emis/United-Kingdom,SafeNetPay Services Company Limited,https://thebanks.eu/emis/safenetpay-services-company-355201,online business accounts and payment processing,3.40
United Kingdom,https://thebanks.eu/list-of-emis/United-Kingdom,SEACHANGE FINANCIAL SERVICES LIMITED,https://thebanks.eu/emis/seachange-financial-services-355062,consulting services,2.40
United Kingdom,https://thebanks.eu/list-of-emis/United-Kingdom,Sedel Capital LLP,https://thebanks.eu/emis/sedel-capital-354990,UK banking infrastructure platform,2.42
United Kingdom,https://thebanks.eu/list-of-emis/United-Kingdom,Sendspend Limited,https://thebanks.eu/emis/sendspend-355241,e-wallets and payment processing,2.96
United Kingdom,https://thebanks.eu/list-of-emis/United-Kingdom,SETTLEGO SOLUTIONS LIMITED,https://thebanks.eu/emis/settlego-solutions-354792,global banking and payments platform,2.97
United Kingdom,https://thebanks.eu/list-of-emis/United-Kingdom,Shout 2020 Limited,https://thebanks.eu/emis/shout-2020-355279,providing payment services,2.38
United Kingdom,https://thebanks.eu/list-of-emis/United-Kingdom,Shrap Ltd,https://thebanks.eu/emis/shrap-354964,e-wallet and e-payment solutions,2.78
United Kingdom,https://thebanks.eu/list-of-emis/United-Kingdom,Silicon Silk Ltd,https://thebanks.eu/emis/silicon-silk-355173,delivering payment gateways,2.59
United Kingdom,https://thebanks.eu/list-of-emis/United-Kingdom,Simplepay London Ltd,https://thebanks.eu/emis/simplepay-london-355063,providing IBAN accounts,3.07
United Kingdom,https://thebanks.eu/list-of-emis/United-Kingdom,Squareup Europe Ltd,https://thebanks.eu/emis/squareup-europe-355072,payment solutions for businesses,3.42
United Kingdom,https://thebanks.eu/list-of-emis/United-Kingdom,Straal Ltd,https://thebanks.eu/emis/straal-355080,payment solution for disruptive businesses,2.94
United Kingdom,https://thebanks.eu/list-of-emis/United-Kingdom,Sunrate Partners UK Limited,https://thebanks.eu/emis/sunrate-partners-uk-355068,international payments for businesses,3.45
United Kingdom,https://thebanks.eu/list-of-emis/United-Kingdom,SWIPE INTERNATIONAL LTD,https://thebanks.eu/emis/swipe-international-355246,international remittance,2.07
United Kingdom,https://thebanks.eu/list-of-emis/United-Kingdom,SYNC.MONEY UK LTD,https://thebanks.eu/emis/sync-money-uk-355195,mobile application for financial accounts aggregation,in administration
United Kingdom,https://thebanks.eu/list-of-emis/United-Kingdom,Syncom (UK) Limited,https://thebanks.eu/emis/syncom-uk-355208,easy-to-use online banking technology,suspended
United Kingdom,https://thebanks.eu/list-of-emis/United-Kingdom,SYSTEM PAY SERVICES LTD,https://thebanks.eu/emis/system-pay-services-355159,providing payment gateway,2.39
United Kingdom,https://thebanks.eu/list-of-emis/United-Kingdom,TalkRemit Ltd,https://thebanks.eu/emis/talkremit-354842,simple and secure money transfers,3.53
United Kingdom,https://thebanks.eu/list-of-emis/United-Kingdom,Taptap Send UK Limited,https://thebanks.eu/emis/taptap-send-uk-354978,mobile money transfers,3.04
United Kingdom,https://thebanks.eu/list-of-emis/United-Kingdom,TEAPAYMENT LTD,https://thebanks.eu/emis/teapayment-355189,mobile payment platform,2.07
United Kingdom,https://thebanks.eu/list-of-emis/United-Kingdom,The Currency Cloud Limited,https://thebanks.eu/emis/the-currency-cloud-354844,providing payment infrastructure,4.45
United Kingdom,https://thebanks.eu/list-of-emis/United-Kingdom,The Foremost Currency Group Limited,https://thebanks.eu/emis/the-foremost-currency-group-354999,foreign exchange and international payments,3.69
United Kingdom,https://thebanks.eu/list-of-emis/United-Kingdom,THE MINTED APP LTD,https://thebanks.eu/emis/the-minted-app-355059,buying and saving in gold via e-wallet account,3.25
United Kingdom,https://thebanks.eu/list-of-emis/United-Kingdom,THE PAYMENT FIRM LTD,https://thebanks.eu/emis/the-payment-firm-355280,international transfers,2.31
United Kingdom,https://thebanks.eu/list-of-emis/United-Kingdom,Think Money Limited,https://thebanks.eu/emis/think-money-354998,providing payment cards and current accounts,3.51
United Kingdom,https://thebanks.eu/list-of-emis/United-Kingdom,Tipalti Europe Ltd,https://thebanks.eu/emis/tipalti-europe-355278,providing payment processing platform,2.83
United Kingdom,https://thebanks.eu/list-of-emis/United-Kingdom,Tompay Ltd,https://thebanks.eu/emis/tompay-355247,providing individual accounts,3.09
United Kingdom,https://thebanks.eu/list-of-emis/United-Kingdom,TOTIPAY LIMITED,https://thebanks.eu/emis/totipay-355254,providing e-wallets and m-wallets,3.41
United Kingdom,https://thebanks.eu/list-of-emis/United-Kingdom,Transactive Systems Ltd,https://thebanks.eu/emis/transactive-systems-354846,providing payment platform,3.31
United Kingdom,https://thebanks.eu/list-of-emis/United-Kingdom,Transactworld Limited,https://thebanks.eu/emis/transactworld-354847,infrastructure components for payment processing,3.32
United Kingdom,https://thebanks.eu/list-of-emis/United-Kingdom,Transferra Un Limited,https://thebanks.eu/emis/transferra-un-355295,providing IBAN accounts,3.78
United Kingdom,https://thebanks.eu/list-of-emis/United-Kingdom,TRANSWAP TECHNOLOGIES (UK) LIMITED,https://thebanks.eu/emis/transwap-technologies-uk-355298,alternative business banking,3.09
United Kingdom,https://thebanks.eu/list-of-emis/United-Kingdom,Travelex Europe Limited,https://thebanks.eu/emis/travelex-europe-354849,issuing travel cards,2.65
United Kingdom,https://thebanks.eu/list-of-emis/United-Kingdom,TrueLayer Limited,https://thebanks.eu/emis/truelayer-355199,providing open finance platform,3.31
United Kingdom,https://thebanks.eu/list-of-emis/United-Kingdom,Tyncofex Ltd,https://thebanks.eu/emis/tyncofex-355175,providing payment accounts,waiting list
United Kingdom,https://thebanks.eu/list-of-emis/United-Kingdom,Uber Payments UK Limited,https://thebanks.eu/emis/uber-payments-uk-355342,payment processing for Uber,internal entity
United Kingdom,https://thebanks.eu/list-of-emis/United-Kingdom,UK First Fintech Limited,https://thebanks.eu/emis/uk-first-fintech-355089,providing IBAN accounts and payment cards,2.70
United Kingdom,https://thebanks.eu/list-of-emis/United-Kingdom,UKFX Holdings Ltd,https://thebanks.eu/emis/ukfx-holdings-355169,global currency transfers,2.85
United Kingdom,https://thebanks.eu/list-of-emis/United-Kingdom,Valitor Limited,https://thebanks.eu/emis/valitor-354977,payment acceptance and processing,3.27
United Kingdom,https://thebanks.eu/list-of-emis/United-Kingdom,VFX Financial PLC,https://thebanks.eu/emis/vfx-financial-354989,foreign exchange and remittances,3.10
United Kingdom,https://thebanks.eu/list-of-emis/United-Kingdom,Viola Money (Europe) Ltd,https://thebanks.eu/emis/viola-money-europe-354855,digital payments,in administration
United Kingdom,https://thebanks.eu/list-of-emis/United-Kingdom,Vitesse PSP Limited,https://thebanks.eu/emis/vitesse-psp-354853,international bank payments,2.88
United Kingdom,https://thebanks.eu/list-of-emis/United-Kingdom,W1TTY Global Ltd,https://thebanks.eu/emis/w1tty-global-355242,providing payment cards,3.09
United Kingdom,https://thebanks.eu/list-of-emis/United-Kingdom,WEAVEPAY LIMITED,https://thebanks.eu/emis/weavepay-355256,providing IBAN accounts and payment cards,3.78
United Kingdom,https://thebanks.eu/list-of-emis/United-Kingdom,WECOLLECT (LONDON) LIMITED,https://thebanks.eu/emis/wecollect-london-355198,payment solutions for Chinese payment market,2.93
United Kingdom,https://thebanks.eu/list-of-emis/United-Kingdom,WireBloom LTD,https://thebanks.eu/emis/wirebloom-354841,international card processing,3.17
United Kingdom,https://thebanks.eu/list-of-emis/United-Kingdom,WTUK Limited,https://thebanks.eu/emis/wtuk-354862,creating innovative financial technology solutions,2.77
United Kingdom,https://thebanks.eu/list-of-emis/United-Kingdom,xpate ltd,https://thebanks.eu/emis/xpate-355086,providing payment and card processing services,3.35
United Kingdom,https://thebanks.eu/list-of-emis/United-Kingdom,YoYo Wallet Limited,https://thebanks.eu/emis/yoyo-wallet-354864,providing payment infrastructure,3.14
United Kingdom,https://thebanks.eu/list-of-emis/United-Kingdom,Ziglu Limited,https://thebanks.eu/emis/ziglu-355135,alternative banking and crypto trading,3.61
United Kingdom,https://thebanks.eu/list-of-emis/United-Kingdom,Zota Technologies (UK) Limited,https://thebanks.eu/emis/zota-technologies-uk-355273,payment acceptance and processing,3.24
United Kingdom,https://thebanks.eu/list-of-emis/United-Kingdom,Azimo Ltd,https://thebanks.eu/emis/azimo-354762,international money transfers,acquired
United Kingdom,https://thebanks.eu/list-of-emis/United-Kingdom,CB Payments Ltd,https://thebanks.eu/emis/cb-payments-354772,providing cryptocurrency platform,3.68
United Kingdom,https://thebanks.eu/list-of-emis/United-Kingdom,Contis Financial Services Limited,https://thebanks.eu/emis/contis-financial-services-354777,end-to-end banking and payments solutions,acquired
United Kingdom,https://thebanks.eu/list-of-emis/United-Kingdom,Epayments Systems Ltd,https://thebanks.eu/emis/epayments-systems-354789,online payments for affiliate marketing industry,closed down
United Kingdom,https://thebanks.eu/list-of-emis/United-Kingdom,MONESE LTD,https://thebanks.eu/emis/monese-355074,digital banking and payment services,4.04
United Kingdom,https://thebanks.eu/list-of-emis/United-Kingdom,Prepay Technologies Ltd,https://thebanks.eu/emis/prepay-technologies-354832,digital banking infrastructure services,3.58
United Kingdom,https://thebanks.eu/list-of-emis/United-Kingdom,Revolut Ltd,https://thebanks.eu/emis/revolut-354834,offering banking services,4.29
United Kingdom,https://thebanks.eu/list-of-emis/United-Kingdom,VertoFX Ltd,https://thebanks.eu/emis/vertofx-355178,B2B foreign exchange payments,4.17
United Kingdom,https://thebanks.eu/list-of-emis/United-Kingdom,Wirex Limited,https://thebanks.eu/emis/wirex-354860,providing crypto exchange platform,3.66
United Kingdom,https://thebanks.eu/list-of-emis/United-Kingdom,WorldRemit Ltd,https://thebanks.eu/emis/worldremit-354879,international money transfers,3.78
United Kingdom,https://thebanks.eu/list-of-emis/United-Kingdom,Authpay Ltd,https://thebanks.eu/emis/authpay-355252,,coming soon
