ProductURL,MainCategory,Brand,BrandTotalProducts,ProductCategory,ProductSubCategory,ProductSubsubCategory,ProductName,ProductPrice
https://www.net-a-porter.com/en-us/shop/product/brunello-cucinelli/clothing/mini/bead-embellished-pleated-crepe-mini-skirt/1647597303556814,Clothing,Brunello Cucinelli,207 Results,Clothing,Skirts,Mini Skirts,Bead-embellished pleated crepe mini skirt,1650
https://www.net-a-porter.com/en-us/shop/product/brunello-cucinelli/clothing/v-neck/argyle-sequin-embellished-wool-cashmere-and-silk-blend-cropped-top/1647597295028912,Clothing,Brunello Cucinelli,207 Results,Clothing,Knitwear,Sweater,"Argyle sequin-embellished wool, cashmere and silk-blend cropped top",1995
https://www.net-a-porter.com/en-us/shop/product/brunello-cucinelli/clothing/t-shirts/embellished-stretch-cotton-jersey-t-shirt/1647597303765935,Clothing,Brunello Cucinelli,207 Results,Clothing,Tops,T-Shirts,Embellished stretch-cotton jersey T-shirt,1350
https://www.net-a-porter.com/en-us/shop/product/brunello-cucinelli/clothing/round-neck/cable-knit-cashmere-sweater/1647597295028950,Clothing,Brunello Cucinelli,207 Results,Clothing,Knitwear,Sweater,Cable-knit cashmere sweater,4800
https://www.net-a-porter.com/en-us/shop/product/brunello-cucinelli/clothing/casual-jackets/suede-jacket/1647597303765926,Clothing,Brunello Cucinelli,207 Results,Clothing,Jackets,N/A,Suede jacket,8695
https://www.net-a-porter.com/en-us/shop/product/brunello-cucinelli/shoes/loafers/bead-embellished-suede-loafers/1647597298387793,Shoes,Brunello Cucinelli,207 Results,Shoes,Flat Shoes,Loafers,Bead-embellished suede loafers,1250
https://www.net-a-porter.com/en-us/shop/product/brunello-cucinelli/clothing/short-and-mini/sequin-embellished-cotton-blend-shorts/1647597303558026,Clothing,Brunello Cucinelli,207 Results,Clothing,Shorts,N/A,Sequin-embellished cotton-blend shorts,2495
https://www.net-a-porter.com/en-us/shop/product/brunello-cucinelli/clothing/round-neck/cropped-open-knit-cotton-vest/1647597303567944,Clothing,Brunello Cucinelli,207 Results,Clothing,Knitwear,Sweater,Cropped open-knit cotton vest,1395
https://www.net-a-porter.com/en-us/shop/product/brunello-cucinelli/clothing/tapered/pleated-linen-tapered-pants/1647597303567670,Clothing,Brunello Cucinelli,207 Results,Clothing,Pants,Tapered,Pleated linen tapered pants,1995
https://www.net-a-porter.com/en-us/shop/product/brunello-cucinelli/lifestyle/tableware/set-of-three-stone-plates/1647597303756381,Home,Brunello Cucinelli,207 Results,Home,Tableware,N/A,Set of three stone plates,2295
https://www.net-a-porter.com/en-us/shop/product/brunello-cucinelli/clothing/blouses/bead-embellished-striped-duchesse-satin-top/1647597303765908,Clothing,Brunello Cucinelli,207 Results,Clothing,Tops,Blouses,Bead-embellished striped duchesse-satin top,2695
https://www.net-a-porter.com/en-us/shop/product/brunello-cucinelli/clothing/casual-jackets/hooded-quilted-wool-flannel-jacket/1647597295028916,Clothing,Brunello Cucinelli,207 Results,Clothing,Jackets,N/A,Hooded quilted wool-flannel jacket,5395
https://www.net-a-porter.com/en-us/shop/product/brunello-cucinelli/clothing/midi/cotton-poplin-midi-skirt/1647597303567866,Clothing,Brunello Cucinelli,207 Results,Clothing,Skirts,Midi Skirts,Cotton-poplin midi skirt,1995
https://www.net-a-porter.com/en-us/shop/product/brunello-cucinelli/clothing/midi-dresses/belted-shell-midi-dress/1647597303556700,Clothing,Brunello Cucinelli,207 Results,Clothing,Dresses,Midi Dresses,Belted shell midi dress,2995
https://www.net-a-porter.com/en-us/shop/product/brunello-cucinelli/shoes/flat/bead-embellished-suede-wedge-mules/1647597298390314,Shoes,Brunello Cucinelli,207 Results,Shoes,Sandals,Embellished,Bead-embellished suede wedge mules,995
https://www.net-a-porter.com/en-us/shop/product/brunello-cucinelli/clothing/round-neck/bead-embellished-ribbed-cotton-sweater/1647597303765887,Clothing,Brunello Cucinelli,207 Results,Clothing,Knitwear,Sweater,Bead-embellished ribbed cotton sweater,2895
https://www.net-a-porter.com/en-us/shop/product/brunello-cucinelli/accessories/collectables/set-of-two-glazed-ceramic-plates/1647597288658704,Home,Brunello Cucinelli,207 Results,Home,Decorative Objects,N/A,Set of two glazed ceramic plates,420
https://www.net-a-porter.com/en-us/shop/product/brunello-cucinelli/clothing/short-and-mini/pleated-linen-shorts/1647597303765921,Clothing,Brunello Cucinelli,207 Results,Clothing,Shorts,N/A,Pleated linen shorts,1395
https://www.net-a-porter.com/en-us/shop/product/brunello-cucinelli/clothing/wide-leg/cotton-blend-corduroy-wide-leg-pants/1647597295028908,Clothing,Brunello Cucinelli,207 Results,Clothing,Pants,Wide Leg,Cotton-blend corduroy wide-leg pants,1495
https://www.net-a-porter.com/en-us/shop/product/brunello-cucinelli/clothing/t-shirts/stretch-wool-jersey-t-shirt/1647597295028918,Clothing,Brunello Cucinelli,207 Results,Clothing,Tops,T-Shirts,Stretch-wool jersey T-shirt,1250
https://www.net-a-porter.com/en-us/shop/product/brunello-cucinelli/clothing/v-neck/cropped-ribbed-jersey-vest/1647597295028914,Clothing,Brunello Cucinelli,207 Results,Clothing,Knitwear,Sweater,Cropped ribbed jersey vest,1425
https://www.net-a-porter.com/en-us/shop/product/brunello-cucinelli/accessories/collectables/walnut-wood-leather-and-cork-tamburello-set/29419655932738156,Home,Brunello Cucinelli,207 Results,Home,Decorative Objects,N/A,"Walnut wood, leather and cork tamburello set",1830
https://www.net-a-porter.com/en-us/shop/product/brunello-cucinelli/lifestyle/tableware/set-of-two-bead-embellished-linen-placemats/29419655932738134,Home,Brunello Cucinelli,207 Results,Home,Tableware,N/A,Set of two bead-embellished linen placemats,520
https://www.net-a-porter.com/en-us/shop/product/brunello-cucinelli/shoes/flat/bead-embellished-suede-slides/1647597306847454,Shoes,Brunello Cucinelli,207 Results,Shoes,Sandals,Embellished,Bead-embellished suede slides,995
https://www.net-a-porter.com/en-us/shop/product/brunello-cucinelli/clothing/turtleneck/ribbed-wool-cashmere-and-silk-blend-turtleneck-sweater/1647597295028930,Clothing,Brunello Cucinelli,207 Results,Clothing,Knitwear,Sweater,"Ribbed wool, cashmere and silk-blend turtleneck sweater",2995
https://www.net-a-porter.com/en-us/shop/product/brunello-cucinelli/lifestyle/decorative-objects/frayed-linen-placemats/1647597288658701,Home,Brunello Cucinelli,207 Results,Home,Tableware,N/A,Frayed linen placemats,375
https://www.net-a-porter.com/en-us/shop/product/brunello-cucinelli/clothing/midi/stretch-wool-jersey-midi-skirt/1647597295028942,Clothing,Brunello Cucinelli,207 Results,Clothing,Skirts,Midi Skirts,Stretch-wool jersey midi skirt,1550
https://www.net-a-porter.com/en-us/shop/product/brunello-cucinelli/clothing/blazers/double-breasted-linen-cotton-and-lyocell-blend-corduroy-blazer/43769801095728053,Clothing,Brunello Cucinelli,207 Results,Clothing,Jackets,N/A,"Double-breasted linen, cotton and Lyocell-blend corduroy blazer",5495
https://www.net-a-porter.com/en-us/shop/product/brunello-cucinelli/accessories/throws/ribbed-cashmere-blanket/29419655932738142,Home,Brunello Cucinelli,207 Results,Home,Throws and Cushions,N/A,Ribbed cashmere blanket,4500
https://www.net-a-porter.com/en-us/shop/product/brunello-cucinelli/accessories/travel/leather-trimmed-cotton-and-linen-blend-canvas-shoe-cube/1647597303756392,Accessories,Brunello Cucinelli,207 Results,Accessories,Travel,N/A,Leather-trimmed cotton and linen-blend canvas shoe cube,875
https://www.net-a-porter.com/en-us/shop/product/brunello-cucinelli/lifestyle/decorative-objects/set-of-two-horn-napkin-holders/1647597288658697,Home,Brunello Cucinelli,207 Results,Home,Tableware,N/A,Set of two horn napkin holders,595
https://www.net-a-porter.com/en-us/shop/product/brunello-cucinelli/clothing/wide-leg/cotton-jersey-wide-leg-pants/1647597295028958,Clothing,Brunello Cucinelli,207 Results,Clothing,Pants,Wide Leg,Cotton-jersey wide-leg pants,1550
https://www.net-a-porter.com/en-us/shop/product/brunello-cucinelli/lifestyle/decorative-objects/set-of-two-horn-and-suede-coasters/1647597288658700,Home,Brunello Cucinelli,207 Results,Home,Tableware,N/A,Set of two horn and suede coasters,595
https://www.net-a-porter.com/en-us/shop/product/brunello-cucinelli/accessories/collectables/leather-trimmed-wood-skittles-set/29419655932738136,Home,Brunello Cucinelli,207 Results,Home,Decorative Objects,N/A,Leather-trimmed wood skittles set,2850
https://www.net-a-porter.com/en-us/shop/product/brunello-cucinelli/clothing/sweatshirts/cotton-jersey-hoodie/1647597295028924,Clothing,Brunello Cucinelli,207 Results,Clothing,Tops,Sweatshirts and Hoodies,Cotton-jersey hoodie,1895
https://www.net-a-porter.com/en-us/shop/product/brunello-cucinelli/clothing/shirts/cotton-blend-poplin-shirt/1647597303765899,Clothing,Brunello Cucinelli,207 Results,Clothing,Tops,Shirts,Cotton-blend poplin shirt,1550
https://www.net-a-porter.com/en-us/shop/product/brunello-cucinelli/clothing/straight-leg/acid-wash-high-rise-straight-leg-jeans/1647597295028960,Clothing,Brunello Cucinelli,207 Results,Clothing,Jeans,Straight Leg,Acid-wash high-rise straight-leg jeans,1650
https://www.net-a-porter.com/en-us/shop/product/brunello-cucinelli/clothing/straight-leg/pleated-woven-straight-leg-pants/1647597303765916,Clothing,Brunello Cucinelli,207 Results,Clothing,Pants,Straight Leg,Pleated woven straight-leg pants,3095
https://www.net-a-porter.com/en-us/shop/product/brunello-cucinelli/shoes/ankle/paneled-shearling-suede-and-cashmere-boots/1647597287333744,Shoes,Brunello Cucinelli,207 Results,Shoes,Boots,Ankle,"Paneled shearling, suede and cashmere boots",2295
https://www.net-a-porter.com/en-us/shop/product/brunello-cucinelli/lifestyle/decorative-objects/krion%E2%84%A2-desk-globe/1647597294527088,Home,Brunello Cucinelli,207 Results,Home,Decorative Objects,N/A,Krion™ Desk Globe,9900
https://www.net-a-porter.com/en-us/shop/product/brunello-cucinelli/clothing/straight-leg/cotton-and-linen-blend-wide-leg-pants/1647597303556656,Clothing,Brunello Cucinelli,207 Results,Clothing,Pants,Straight Leg,Cotton and linen-blend wide-leg pants,1695
https://www.net-a-porter.com/en-us/shop/product/brunello-cucinelli/accessories/throws/ribbed-cashmere-throw/25458910982000559,Home,Brunello Cucinelli,207 Results,Home,Throws and Cushions,N/A,Ribbed cashmere throw,4500
https://www.net-a-porter.com/en-us/shop/product/brunello-cucinelli/bags/tote-bags/textured-leather-tote/1647597298274082,Bags,Brunello Cucinelli,207 Results,Bags,Tote Bags,N/A,Textured-leather tote,3490
https://www.net-a-porter.com/en-us/shop/product/brunello-cucinelli/clothing/mini/padded-quilted-wool-mini-skirt/1647597295028922,Clothing,Brunello Cucinelli,207 Results,Clothing,Skirts,Mini Skirts,Padded quilted wool mini skirt,1495
https://www.net-a-porter.com/en-us/shop/product/brunello-cucinelli/accessories/throws/ribbed-cashmere-throw/25458910982000535,Home,Brunello Cucinelli,207 Results,Home,Throws and Cushions,N/A,Ribbed cashmere throw,4500
https://www.net-a-porter.com/en-us/shop/product/brunello-cucinelli/accessories/throws/two-tone-cashmere-blanket/13452677150094737,Home,Brunello Cucinelli,207 Results,Home,Throws and Cushions,N/A,Two-tone cashmere blanket,2895
https://www.net-a-porter.com/en-us/shop/product/brunello-cucinelli/accessories/throws/fringed-striped-cashmere-blanket/46376663162531925,Home,Brunello Cucinelli,207 Results,Home,Throws and Cushions,N/A,Fringed striped cashmere blanket,2950
https://www.net-a-porter.com/en-us/shop/product/brunello-cucinelli/lifestyle/throws/fringed-striped-cashmere-blanket/1647597289814685,Home,Brunello Cucinelli,207 Results,Home,Throws and Cushions,N/A,Fringed striped cashmere blanket,4095
https://www.net-a-porter.com/en-us/shop/product/brunello-cucinelli/clothing/cardigans/bead-embellished-wool-and-cashmere-blend-sweater/1647597295028956,Clothing,Brunello Cucinelli,207 Results,Clothing,Knitwear,Sweater,Bead-embellished wool and cashmere-blend sweater,2550
https://www.net-a-porter.com/en-us/shop/product/brunello-cucinelli/clothing/straight-leg/cotton-blend-jersey-straight-leg-pants/1647597303765931,Clothing,Brunello Cucinelli,207 Results,Clothing,Pants,Straight Leg,Cotton-blend jersey straight-leg pants,1995
https://www.net-a-porter.com/en-us/shop/product/brunello-cucinelli/clothing/round-neck/cropped-sequin-embellished-open-knit-linen-blend-sweater/1647597303765883,Clothing,Brunello Cucinelli,207 Results,Clothing,Knitwear,Sweater,Cropped sequin-embellished open-knit linen-blend sweater,1595
https://www.net-a-porter.com/en-us/shop/product/brunello-cucinelli/accessories/collectables/walnut-wood-krion-and-stainless-steel-backgammon-set/28941591746158991,Home,Brunello Cucinelli,207 Results,Home,Decorative Objects,N/A,"Walnut wood, Krion and stainless steel Backgammon set",8450
https://www.net-a-porter.com/en-us/shop/product/brunello-cucinelli/clothing/blazers/cinkled-linen-blazer/1647597303765898,Clothing,Brunello Cucinelli,207 Results,Clothing,Jackets,N/A,Cinkled-linen blazer,4695
https://www.net-a-porter.com/en-us/shop/product/brunello-cucinelli/clothing/short/double-breasted-wool-and-cashmere-blend-coat/1647597295028920,Clothing,Brunello Cucinelli,207 Results,Clothing,Jackets,N/A,Double-breasted wool and cashmere-blend coat,5795
https://www.net-a-porter.com/en-us/shop/product/brunello-cucinelli/bags/tote-bags/embellished-woven-raffia-tote/1647597298274078,Bags,Brunello Cucinelli,207 Results,Bags,Tote Bags,N/A,Embellished woven raffia tote,2590
https://www.net-a-porter.com/en-us/shop/product/brunello-cucinelli/accessories/skinny/textured-leather-belt/1647597302653394,Accessories,Brunello Cucinelli,207 Results,Accessories,Belts,N/A,Textured-leather belt,1530
https://www.net-a-porter.com/en-us/shop/product/brunello-cucinelli/bags/shoulder-bags/suede-shoulder-bag/1647597298274070,Bags,Brunello Cucinelli,207 Results,Bags,Cross-body Bags,N/A,Suede shoulder bag,1290
https://www.net-a-porter.com/en-us/shop/product/brunello-cucinelli/clothing/blouses/bead-embellished-metallic-striped-cotton-blend-blouse/1647597303765893,Clothing,Brunello Cucinelli,207 Results,Clothing,Tops,Blouses,Bead-embellished metallic striped cotton-blend blouse,2550
https://www.net-a-porter.com/en-us/shop/product/brunello-cucinelli/clothing/track-pants/wool-and-cashmere-blend-track-pants/1647597295028932,Clothing,Brunello Cucinelli,207 Results,Clothing,Pants,Track Pants,Wool and cashmere-blend track pants,2800
https://www.net-a-porter.com/en-us/shop/product/brunello-cucinelli/accessories/throws/reversible-fringed-silk-blanket/29419655932738144,Home,Brunello Cucinelli,207 Results,Home,Throws and Cushions,N/A,Reversible fringed silk blanket,1275
https://www.net-a-porter.com/en-us/shop/product/brunello-cucinelli/accessories/throws/fringed-two-tone-cashmere-travel-blanket/1647597288658703,Home,Brunello Cucinelli,207 Results,Home,Throws and Cushions,N/A,Fringed two-tone cashmere travel blanket,1595
https://www.net-a-porter.com/en-us/shop/product/brunello-cucinelli/clothing/t-shirts/bead-embellished-stretch-cotton-jersey-t-shirt/1647597295028940,Clothing,Brunello Cucinelli,207 Results,Clothing,Tops,T-Shirts,Bead-embellished stretch-cotton jersey T-shirt,1195
https://www.net-a-porter.com/en-us/shop/product/brunello-cucinelli/clothing/maxi-dresses/gathered-cotton-poplin-maxi-dress/1647597303765930,Clothing,Brunello Cucinelli,207 Results,Clothing,Dresses,Maxi Dresses,Gathered cotton-poplin maxi dress,3995
https://www.net-a-porter.com/en-us/shop/product/brunello-cucinelli/clothing/casual-jackets/hooded-quilted-shell-and-wool-cashmere-and-silk-blend-down-jacket/1647597303765904,Clothing,Brunello Cucinelli,207 Results,Clothing,Jackets,N/A,"Hooded quilted shell and wool, cashmere and silk-blend down jacket",4495
https://www.net-a-porter.com/en-us/shop/product/brunello-cucinelli/accessories/throws/fringed-striped-cashmere-blanket/29419655932738154,Home,Brunello Cucinelli,207 Results,Home,Throws and Cushions,N/A,Fringed striped cashmere blanket,2445
https://www.net-a-porter.com/en-us/shop/product/brunello-cucinelli/shoes/flat/bead-embellished-leather-sandals/1647597298390310,Shoes,Brunello Cucinelli,207 Results,Shoes,Sandals,Embellished,Bead-embellished leather sandals,850
https://www.net-a-porter.com/en-us/shop/product/brunello-cucinelli/shoes/low-top/embellished-suede-trimmed-stretch-knit-sneakers/1647597298387794,Shoes,Brunello Cucinelli,207 Results,Shoes,Sneakers,Court,Embellished suede-trimmed stretch-knit sneakers,1095
https://www.net-a-porter.com/en-us/shop/product/brunello-cucinelli/clothing/casual-jackets/suede-biker-jacket/1647597303765909,Clothing,Brunello Cucinelli,207 Results,Clothing,Jackets,N/A,Suede biker jacket,7495
https://www.net-a-porter.com/en-us/shop/product/brunello-cucinelli/shoes/flat/bead-embellished-leather-platform-slides/1647597298390309,Shoes,Brunello Cucinelli,207 Results,Shoes,Sandals,Flat Sandals,Bead-embellished leather platform slides,1695
https://www.net-a-porter.com/en-us/shop/product/brunello-cucinelli/clothing/straight-leg/belted-cotton-blend-tapered-pants/1647597303765927,Clothing,Brunello Cucinelli,207 Results,Clothing,Pants,Straight Leg,Belted cotton-blend tapered pants,1550
https://www.net-a-porter.com/en-us/shop/product/brunello-cucinelli/clothing/leggings/cropped-metallic-ribbed-knit-leggings/1647597295028938,Clothing,Brunello Cucinelli,207 Results,Clothing,Loungewear,Knitwear,Cropped metallic ribbed-knit leggings,2995
https://www.net-a-porter.com/en-us/shop/product/brunello-cucinelli/clothing/blouses/bead-embellished-stretch-cotton-poplin-shirt/1647597303765919,Clothing,Brunello Cucinelli,207 Results,Clothing,Tops,Blouses,Bead-embellished stretch-cotton poplin shirt,1395
https://www.net-a-porter.com/en-us/shop/product/brunello-cucinelli/clothing/casual-jackets/sequined-ribbed-cotton-blend-cardigan/1647597303765891,Clothing,Brunello Cucinelli,207 Results,Clothing,Jackets,N/A,Sequined ribbed cotton-blend cardigan,5995
https://www.net-a-porter.com/en-us/shop/product/brunello-cucinelli/clothing/straight-leg/high-rise-straight-leg-jeans/1647597295028934,Clothing,Brunello Cucinelli,207 Results,Clothing,Jeans,Straight Leg,High-rise straight-leg jeans,1595
https://www.net-a-porter.com/en-us/shop/product/brunello-cucinelli/clothing/round-neck/striped-sequined-cotton-sweater/1647597303765910,Clothing,Brunello Cucinelli,207 Results,Clothing,Knitwear,Sweater,Striped sequined cotton sweater,1895
https://www.net-a-porter.com/en-us/shop/product/brunello-cucinelli/accessories/travel/leather-trimmed-cotton-and-linen-blend-canvas-cosmetics-case/1647597294273316,Accessories,Brunello Cucinelli,207 Results,Accessories,Travel,N/A,Leather-trimmed cotton and linen-blend canvas cosmetics case,1495
https://www.net-a-porter.com/en-us/shop/product/brunello-cucinelli/clothing/vests-and-gilets/hooded-quilted-shell-down-vest/1647597303765906,Clothing,Brunello Cucinelli,207 Results,Clothing,Jackets,N/A,Hooded quilted shell down vest,3150
https://www.net-a-porter.com/en-us/shop/product/brunello-cucinelli/clothing/cardigans/sequined-linen-blend-cardigan/1647597303567615,Clothing,Brunello Cucinelli,207 Results,Clothing,Knitwear,Cardigan,Sequined linen-blend cardigan,8800
https://www.net-a-porter.com/en-us/shop/product/brunello-cucinelli/clothing/shirts/asymmetric-striped-cotton-and-silk-blend-shirt/1647597303765924,Clothing,Brunello Cucinelli,207 Results,Clothing,Tops,Shirts,Asymmetric striped cotton and silk-blend shirt,2595
https://www.net-a-porter.com/en-us/shop/product/brunello-cucinelli/shoes/flat/bead-embellished-suede-sandals/1647597298390316,Shoes,Brunello Cucinelli,207 Results,Shoes,Sandals,Embellished,Bead-embellished suede sandals,1695
https://www.net-a-porter.com/en-us/shop/product/brunello-cucinelli/clothing/blouses/gathered-cotton-top/1647597303765884,Clothing,Brunello Cucinelli,207 Results,Clothing,Loungewear,Tops,Gathered cotton top,1080
https://www.net-a-porter.com/en-us/shop/product/brunello-cucinelli/shoes/low-top/bead-embellished-suede-sneakers/1647597298390311,Shoes,Brunello Cucinelli,207 Results,Shoes,Sneakers,Court,Bead-embellished suede sneakers,1295
https://www.net-a-porter.com/en-us/shop/product/brunello-cucinelli/clothing/cardigans/fringed-striped-sequined-jute-blend-cardigan/1647597303567573,Clothing,Brunello Cucinelli,207 Results,Clothing,Knitwear,Cardigan,Fringed striped sequined jute-blend cardigan,8600
https://www.net-a-porter.com/en-us/shop/product/brunello-cucinelli/clothing/cardigans/metallic-ribbed-knit-cardigan/1647597295028961,Clothing,Brunello Cucinelli,207 Results,Clothing,Knitwear,Cardigan,Metallic ribbed-knit cardigan,2095
https://www.net-a-porter.com/en-us/shop/product/brunello-cucinelli/clothing/straight-leg/cotton-poplin-straight-leg-cargo-pants/1647597303765918,Clothing,Brunello Cucinelli,207 Results,Clothing,Pants,Straight Leg,Cotton-poplin straight-leg cargo pants,2750
https://www.net-a-porter.com/en-us/shop/product/brunello-cucinelli/clothing/round-neck/ribbed-wool-cashmere-and-silk-blend-sweater/1647597295028904,Clothing,Brunello Cucinelli,207 Results,Clothing,Knitwear,Sweater,"Ribbed wool, cashmere and silk-blend sweater",3150
https://www.net-a-porter.com/en-us/shop/product/brunello-cucinelli/clothing/short/cashmere-blend-boucle-jacquard-down-jacket/1647597295028946,Clothing,Brunello Cucinelli,207 Results,Clothing,Coats,N/A,Cashmere-blend bouclé-jacquard down jacket,9795
https://www.net-a-porter.com/en-us/shop/product/brunello-cucinelli/clothing/v-neck/sequin-embellished-linen-cashmere-and-silk-blend-sweater/1647597303765905,Clothing,Brunello Cucinelli,207 Results,Clothing,Knitwear,Sweater,"Sequin-embellished linen, cashmere and silk-blend sweater",3595
https://www.net-a-porter.com/en-us/shop/product/brunello-cucinelli/clothing/straight-leg/cotton-poplin-straight-leg-cargo-pants/1647597303765934,Clothing,Brunello Cucinelli,207 Results,Clothing,Pants,Straight Leg,Cotton-poplin straight-leg cargo pants,2750
https://www.net-a-porter.com/en-us/shop/product/brunello-cucinelli/shoes/flat/embellished-suede-slides/1647597287333745,Shoes,Brunello Cucinelli,207 Results,Shoes,Sandals,Flat Sandals,Embellished suede slides,995
https://www.net-a-porter.com/en-us/shop/product/brunello-cucinelli/clothing/sweatshirts/satin-sweatshirt/1647597295028954,Clothing,Brunello Cucinelli,207 Results,Clothing,Tops,Sweatshirts and Hoodies,Satin sweatshirt,2395
https://www.net-a-porter.com/en-us/shop/product/brunello-cucinelli/clothing/midi-dresses/belted-cotton-blend-poplin-midi-shirt-dress/1647597303765923,Clothing,Brunello Cucinelli,207 Results,Clothing,Dresses,Midi Dresses,Belted cotton-blend poplin midi shirt dress,3995
https://www.net-a-porter.com/en-us/shop/product/brunello-cucinelli/shoes/flat/bead-embellished-leather-sandals/1647597298390312,Shoes,Brunello Cucinelli,207 Results,Shoes,Sandals,Flat Sandals,Bead-embellished leather sandals,995
https://www.net-a-porter.com/en-us/shop/product/brunello-cucinelli/clothing/short-and-mini/woven-shorts/1647597303765900,Clothing,Brunello Cucinelli,207 Results,Clothing,Shorts,N/A,Woven shorts,995
https://www.net-a-porter.com/en-us/shop/product/brunello-cucinelli/accessories/throws/fringed-cashmere-travel-blanket/1647597288658702,Home,Brunello Cucinelli,207 Results,Home,Throws and Cushions,N/A,Fringed cashmere travel blanket,1595
https://www.net-a-porter.com/en-us/shop/product/brunello-cucinelli/clothing/v-neck/dazzling-net-embellished-open-knit-cotton-linen-and-silk-blend-vest/1647597303556836,Clothing,Brunello Cucinelli,207 Results,Clothing,Knitwear,Sweater,"Dazzling Net embellished open-knit cotton, linen and silk-blend vest",2350
https://www.net-a-porter.com/en-us/shop/product/brunello-cucinelli/clothing/casual-jackets/broderie-anglaise-cotton-bomber-jacket/1647597303570140,Clothing,Brunello Cucinelli,207 Results,Clothing,Jackets,N/A,Broderie anglaise cotton bomber jacket,2995
https://www.net-a-porter.com/en-us/shop/product/brunello-cucinelli/shoes/slip-ons/webbing-trimmed-suede-slingback-espadrilles/1647597298387796,Shoes,Brunello Cucinelli,207 Results,Shoes,Flat Shoes,Espadrilles,Webbing-trimmed suede slingback espadrilles,850
https://www.net-a-porter.com/en-us/shop/product/brunello-cucinelli/clothing/cardigans/ribbed-cotton-jacket/1647597303765922,Clothing,Brunello Cucinelli,207 Results,Clothing,Knitwear,Sweater,Ribbed cotton jacket,2845
https://www.net-a-porter.com/en-us/shop/product/brunello-cucinelli/shoes/flat/bead-embellished-leather-slingback-sandals/1647597298390313,Shoes,Brunello Cucinelli,207 Results,Shoes,Sandals,Flat Sandals,Bead-embellished leather slingback sandals,1295
https://www.net-a-porter.com/en-us/shop/product/brunello-cucinelli/shoes/slip-ons/bead-embellished-suede-slippers/1647597298387791,Shoes,Brunello Cucinelli,207 Results,Shoes,Flat Shoes,Mules and Slip-Ons,Bead-embellished suede slippers,1195
https://www.net-a-porter.com/en-us/shop/product/brunello-cucinelli/clothing/round-neck/sequined-open-knit-linen-and-silk-blend-sweater/1647597303556599,Clothing,Brunello Cucinelli,207 Results,Clothing,Knitwear,Sweater,Sequined open-knit linen and silk-blend sweater,2250
https://www.net-a-porter.com/en-us/shop/product/brunello-cucinelli/clothing/v-neck/dazzling-net-embellished-open-knit-cotton-linen-and-silk-blend-vest/1647597303765901,Clothing,Brunello Cucinelli,207 Results,Clothing,Knitwear,Sweater,"Dazzling Net embellished open-knit cotton, linen and silk-blend vest",2350
https://www.net-a-porter.com/en-us/shop/product/brunello-cucinelli/clothing/short-and-mini/satin-jacquard-shorts/1647597303567568,Clothing,Brunello Cucinelli,207 Results,Clothing,Shorts,N/A,Satin-jacquard shorts,1850
https://www.net-a-porter.com/en-us/shop/product/brunello-cucinelli/clothing/straight-leg/cropped-high-rise-straight-leg-jeans/1647597303556684,Clothing,Brunello Cucinelli,207 Results,Clothing,Jeans,Straight Leg,Cropped high-rise straight-leg jeans,1595
https://www.net-a-porter.com/en-us/shop/product/brunello-cucinelli/shoes/low-top/bead-embellished-suede-trimmed-shell-slip-on-sneakers/1647597298387792,Shoes,Brunello Cucinelli,207 Results,Shoes,Sneakers,Low-Top,Bead-embellished suede-trimmed shell slip-on sneakers,1095
https://www.net-a-porter.com/en-us/shop/product/brunello-cucinelli/shoes/low-top/bead-embellished-nylon-and-suede-sneakers/1647597295862132,Shoes,Brunello Cucinelli,207 Results,Shoes,Sneakers,Low-Top,Bead-embellished nylon and suede sneakers,1350
https://www.net-a-porter.com/en-us/shop/product/brunello-cucinelli/clothing/v-neck/dazzling-net-sequin-embellished-cotton-linen-and-silk-blend-sweater/1647597303765895,Clothing,Brunello Cucinelli,207 Results,Clothing,Knitwear,Sweater,"Dazzling Net sequin-embellished cotton, linen and silk-blend sweater",2950
https://www.net-a-porter.com/en-us/shop/product/brunello-cucinelli/clothing/blazers/twill-blazer/1647597303567928,Clothing,Brunello Cucinelli,207 Results,Clothing,Jackets,N/A,Twill blazer,4695
https://www.net-a-porter.com/en-us/shop/product/brunello-cucinelli/clothing/polo/cable-knit-cashmere-cardigan/1647597295028936,Clothing,Brunello Cucinelli,207 Results,Clothing,Knitwear,Cardigan,Cable-knit cashmere cardigan,4650
https://www.net-a-porter.com/en-us/shop/product/brunello-cucinelli/clothing/straight-leg/cropped-sequin-embellished-ribbed-cotton-blend-straight-leg-pants/1647597303765890,Clothing,Brunello Cucinelli,207 Results,Clothing,Pants,Straight Leg,Cropped sequin-embellished ribbed cotton-blend straight-leg pants,3395
https://www.net-a-porter.com/en-us/shop/product/brunello-cucinelli/clothing/casual-jackets/metallic-linen-blend-jacket/1647597303558056,Clothing,Brunello Cucinelli,207 Results,Clothing,Jackets,N/A,Metallic linen-blend jacket,4595
https://www.net-a-porter.com/en-us/shop/product/brunello-cucinelli/clothing/round-neck/striped-ribbed-cotton-sweater/1647597303558119,Clothing,Brunello Cucinelli,207 Results,Clothing,Knitwear,Sweater,Striped ribbed cotton sweater,1695
https://www.net-a-porter.com/en-us/shop/product/brunello-cucinelli/clothing/short-and-mini/embellished-satin-shorts/1647597303765896,Clothing,Brunello Cucinelli,207 Results,Clothing,Shorts,N/A,Embellished satin shorts,2195
https://www.net-a-porter.com/en-us/shop/product/brunello-cucinelli/clothing/blazers/double-breasted-crinkled-linen-blazer/1647597303567730,Clothing,Brunello Cucinelli,207 Results,Clothing,Jackets,N/A,Double-breasted crinkled-linen blazer,4695
https://www.net-a-porter.com/en-us/shop/product/brunello-cucinelli/clothing/wide-leg/sequin-embellished-cotton-linen-and-silk-blend-straight-leg-pants/1647597303567454,,Brunello Cucinelli,207 Results,N/A,N/A,N/A,"Sequin-embellished cotton, linen and silk-blend straight-leg pants",3995
https://www.net-a-porter.com/en-us/shop/product/brunello-cucinelli/shoes/slip-ons/bead-embellished-suede-clogs/1647597298390315,Shoes,Brunello Cucinelli,207 Results,Shoes,Flat Shoes,Mules and Slip-Ons,Bead-embellished suede clogs,1095
https://www.net-a-porter.com/en-us/shop/product/brunello-cucinelli/clothing/casual-jackets/hooded-quilted-shell-parka/1647597303556817,Clothing,Brunello Cucinelli,207 Results,Clothing,Jackets,N/A,Hooded quilted shell parka,6495
https://www.net-a-porter.com/en-us/shop/product/brunello-cucinelli/accessories/wraps/hooded-fringed-knitted-poncho/1647597295028944,Accessories,Brunello Cucinelli,207 Results,Accessories,Scarves and Wraps,N/A,Hooded fringed knitted poncho,6700
https://www.net-a-porter.com/en-us/shop/product/brunello-cucinelli/clothing/midi/sequined-linen-cashmere-and-silk-blend-midi-skirt/1647597303567585,Clothing,Brunello Cucinelli,207 Results,Clothing,Skirts,Midi Skirts,"Sequined linen, cashmere and silk-blend midi skirt",4400
https://www.net-a-porter.com/en-us/shop/product/brunello-cucinelli/accessories/collectables/large-glazed-ceramic-bowl/13452677150096826,Home,Brunello Cucinelli,207 Results,Home,Tableware,N/A,Large glazed ceramic bowl,675
https://www.net-a-porter.com/en-us/shop/product/brunello-cucinelli/shoes/slip-ons/bead-embellished-suede-clogs/34344356236605716,Shoes,Brunello Cucinelli,207 Results,Shoes,Mules,N/A,Bead-embellished suede clogs,995
https://www.net-a-porter.com/en-us/shop/product/brunello-cucinelli/shoes/low-top/bead-embellished-suede-trimmed-shell-sneakers/34344356236605728,Shoes,Brunello Cucinelli,207 Results,Shoes,Sneakers,Low-Top,Bead-embellished suede-trimmed shell sneakers,995
https://www.net-a-porter.com/en-us/shop/product/brunello-cucinelli/clothing/straight-leg/pleated-linen-blend-corduroy-wide-leg-pants/38063312420399701,Clothing,Brunello Cucinelli,207 Results,Clothing,Pants,Straight Leg,Pleated linen-blend corduroy wide-leg pants,1950
https://www.net-a-porter.com/en-us/shop/product/brunello-cucinelli/accessories/candles/lux-sphere-diffuser-and-refill-set/25458910982000554,Beauty,Brunello Cucinelli,207 Results,Beauty,Home Fragrance,Candles,Lux Sphere diffuser and refill set,275
https://www.net-a-porter.com/en-us/shop/product/brunello-cucinelli/clothing/midi/pleated-silk-crepe-de-chine-midi-skirt/1647597295028963,Clothing,Brunello Cucinelli,207 Results,Clothing,Skirts,Midi Skirts,Pleated silk crepe de chine midi skirt,2695
https://www.net-a-porter.com/en-us/shop/product/brunello-cucinelli/accessories/collectables/krion-pestle-and-walnut-wood-mortar/13452677150094877,Home,Brunello Cucinelli,207 Results,Home,Tableware,N/A,Krion pestle and walnut wood mortar,1350
https://www.net-a-porter.com/en-us/shop/product/brunello-cucinelli/accessories/candles/sol-sphere-diffuser-and-refill-set/2204324140425123,Beauty,Brunello Cucinelli,207 Results,Beauty,Home Fragrance,Candles,Sol Sphere diffuser and refill set,275
https://www.net-a-porter.com/en-us/shop/product/brunello-cucinelli/accessories/candles/astrum-sphere-diffuser-and-refill-set/2204324140425117,Beauty,Brunello Cucinelli,207 Results,Beauty,Home Fragrance,Candles,Astrum Sphere diffuser and refill set,275
https://www.net-a-porter.com/en-us/shop/product/brunello-cucinelli/clothing/turtleneck/cashmere-and-silk-blend-turtleneck-sweater/13452677153288182,Clothing,Brunello Cucinelli,207 Results,Clothing,Knitwear,Sweater,Cashmere and silk-blend turtleneck sweater,1295
https://www.net-a-porter.com/en-us/shop/product/brunello-cucinelli/lifestyle/tableware/stainless-steel-and-horn-corkscrew/34344356237145907,Home,Brunello Cucinelli,207 Results,Home,Tableware,N/A,Stainless steel and horn corkscrew,375
https://www.net-a-porter.com/en-us/shop/product/brunello-cucinelli/clothing/round-neck/ribbed-metallic-cashmere-blend-sweater/13452677153288163,Clothing,Brunello Cucinelli,207 Results,Clothing,Knitwear,Sweater,Ribbed metallic cashmere-blend sweater,1295
https://www.net-a-porter.com/en-us/shop/product/brunello-cucinelli/lifestyle/decorative-objects/horn-and-silver-tone-trinket-tray/1647597294527084,Home,Brunello Cucinelli,207 Results,Home,Decorative Objects,N/A,Horn and silver-tone trinket tray,550
https://www.net-a-porter.com/en-us/shop/product/brunello-cucinelli/clothing/turtleneck/bead-embellished-cashmere-turtleneck-sweater/13452677153288204,Clothing,Brunello Cucinelli,207 Results,Clothing,Knitwear,Sweater,Bead-embellished cashmere turtleneck sweater,1395
https://www.net-a-porter.com/en-us/shop/product/brunello-cucinelli/clothing/t-shirts/sequin-embellished-stretch-cotton-jersey-t-shirt/1647597303765911,Clothing,Brunello Cucinelli,207 Results,Clothing,Tops,T-Shirts,Sequin-embellished stretch-cotton jersey T-shirt,1495
https://www.net-a-porter.com/en-us/shop/product/brunello-cucinelli/clothing/cardigans/hooded-jacquard-knit-mohair-blend-boucle-cardigan/46376663162454422,Clothing,Brunello Cucinelli,207 Results,Clothing,Knitwear,Cardigan,Hooded jacquard-knit mohair-blend bouclé cardigan,9495
https://www.net-a-porter.com/en-us/shop/product/brunello-cucinelli/shoes/flat/bead-embellished-leather-slides/27086482323821616,Shoes,Brunello Cucinelli,207 Results,Shoes,Sandals,Flat Sandals,Bead-embellished leather slides,695
https://www.net-a-porter.com/en-us/shop/product/brunello-cucinelli/clothing/straight-leg/stretch-suede-straight-leg-pants/43769801095727706,Clothing,Brunello Cucinelli,207 Results,Clothing,Pants,Straight Leg,Stretch-suede straight-leg pants,5195
https://www.net-a-porter.com/en-us/shop/product/brunello-cucinelli/accessories/sunhats/two-tone-striped-crocheted-cotton-bucket-hat/1647597302653391,Accessories,Brunello Cucinelli,207 Results,Accessories,Hats,Sunhats,Two-tone striped crocheted cotton bucket hat,695
https://www.net-a-porter.com/en-us/shop/product/brunello-cucinelli/clothing/turtleneck/metallic-cashmere-blend-turtleneck-sweater/1647597295028926,Clothing,Brunello Cucinelli,207 Results,Clothing,Knitwear,Sweater,Metallic cashmere-blend turtleneck sweater,2100
https://www.net-a-porter.com/en-us/shop/product/brunello-cucinelli/clothing/vests-and-gilets/cashmere-vest/1647597295028952,Clothing,Brunello Cucinelli,207 Results,Clothing,Jackets,N/A,Cashmere vest,9500
https://www.net-a-porter.com/en-us/shop/product/brunello-cucinelli/clothing/turtleneck/metallic-cashmere-blend-turtleneck-sweater/13452677153288158,Clothing,Brunello Cucinelli,207 Results,Clothing,Knitwear,Sweater,Metallic cashmere-blend turtleneck sweater,1195
https://www.net-a-porter.com/en-us/shop/product/brunello-cucinelli/clothing/cardigans/sequin-embellished-cotton-blend-vest/1647597303765933,Clothing,Brunello Cucinelli,207 Results,Clothing,Knitwear,Cardigan,Sequin-embellished cotton-blend vest,1995
https://www.net-a-porter.com/en-us/shop/product/brunello-cucinelli/accessories/caps/bead-embellished-leather-trimmed-cashmere-baseball-cap/1647597289090686,Accessories,Brunello Cucinelli,207 Results,Accessories,Hats,Caps,Bead-embellished leather-trimmed cashmere baseball cap,1150
https://www.net-a-porter.com/en-us/shop/product/brunello-cucinelli/accessories/throws/two-tone-cashmere-blanket/1647597283559014,Home,Brunello Cucinelli,207 Results,Home,Throws and Cushions,N/A,Two-tone cashmere blanket,3460
https://www.net-a-porter.com/en-us/shop/product/brunello-cucinelli/clothing/straight-leg/pleated-linen-blend-tapered-pants/1647597303765902,Clothing,Brunello Cucinelli,207 Results,Clothing,Pants,Straight Leg,Pleated linen-blend tapered pants,1695
https://www.net-a-porter.com/en-us/shop/product/brunello-cucinelli/accessories/collectables/walnut-wood-and-krion-mahjong-set/28941591746158993,Home,Brunello Cucinelli,207 Results,Home,Decorative Objects,N/A,Walnut wood and Krion Mahjong set,8200
https://www.net-a-porter.com/en-us/shop/product/brunello-cucinelli/clothing/v-neck/crystal-embellished-linen-and-silk-blend-sweater/38063312420409574,Clothing,Brunello Cucinelli,207 Results,Clothing,Knitwear,Sweater,Crystal-embellished linen and silk-blend sweater,3275
https://www.net-a-porter.com/en-us/shop/product/brunello-cucinelli/accessories/knitted/crystal-embellished-cashmere-mittens/1647597289090684,Accessories,Brunello Cucinelli,207 Results,Accessories,Gloves,N/A,Crystal embellished cashmere mittens,695
https://www.net-a-porter.com/en-us/shop/product/brunello-cucinelli/accessories/collectables/glazed-ceramic-vase/13452677150095680,Home,Brunello Cucinelli,207 Results,Home,Decorative Objects,N/A,Glazed ceramic vase,280
https://www.net-a-porter.com/en-us/shop/product/brunello-cucinelli/clothing/cardigans/sequin-embellished-cable-knit-linen-blend-cardigan/1647597303765915,Clothing,Brunello Cucinelli,207 Results,Clothing,Knitwear,Cardigan,Sequin-embellished cable-knit linen-blend cardigan,1995
https://www.net-a-porter.com/en-us/shop/product/brunello-cucinelli/accessories/collectables/set-of-two-glazed-ceramic-mugs-and-saucers/13452677150094887,Home,Brunello Cucinelli,207 Results,Home,Tableware,N/A,Set of two glazed ceramic mugs and saucers,290
https://www.net-a-porter.com/en-us/shop/product/brunello-cucinelli/clothing/blazers/double-breasted-cotton-blend-blazer/38063312420399695,Clothing,Brunello Cucinelli,207 Results,Clothing,Jackets,N/A,Double-breasted cotton-blend blazer,3995
https://www.net-a-porter.com/en-us/shop/product/brunello-cucinelli/accessories/collectables/glazed-ceramic-bowl/13452677150094739,Home,Brunello Cucinelli,207 Results,Home,Tableware,N/A,Glazed ceramic bowl,240
https://www.net-a-porter.com/en-us/shop/product/brunello-cucinelli/accessories/wide/cummerbund-leather-trimmed-raffia-belt/1647597302653397,Accessories,Brunello Cucinelli,207 Results,Accessories,Belts,N/A,Cummerbund leather-trimmed raffia belt,1275
https://www.net-a-porter.com/en-us/shop/product/brunello-cucinelli/accessories/scarves/ribbed-cashmere-scarf/1647597289090682,Accessories,Brunello Cucinelli,207 Results,Accessories,Scarves and Wraps,N/A,Ribbed cashmere scarf,1495
https://www.net-a-porter.com/en-us/shop/product/brunello-cucinelli/accessories/collectables/textured-ceramic-tray/29419655932738152,Home,Brunello Cucinelli,207 Results,Home,Decorative Objects,N/A,Textured ceramic tray,295
https://www.net-a-porter.com/en-us/shop/product/brunello-cucinelli/clothing/wide-leg/duchesse-satin-wide-leg-pants/1647597295028967,Clothing,Brunello Cucinelli,207 Results,Clothing,Pants,Wide Leg,Duchesse-satin wide-leg pants,2250
https://www.net-a-porter.com/en-us/shop/product/brunello-cucinelli/lifestyle/tableware/set-of-two-silver-and-horn-serving-spoons/29419655932738160,Home,Brunello Cucinelli,207 Results,Home,Tableware,N/A,Set of two silver and horn serving spoons,645
https://www.net-a-porter.com/en-us/shop/product/brunello-cucinelli/shoes/flat/bead-embellished-suede-slides/6630340696517660,Shoes,Brunello Cucinelli,207 Results,Shoes,Sandals,Flat Sandals,Bead-embellished suede slides,995
https://www.net-a-porter.com/en-us/shop/product/brunello-cucinelli/accessories/collectables/set-of-two-glazed-ceramic-plates/13452677150094129,Home,Brunello Cucinelli,207 Results,Home,Tableware,N/A,Set of two glazed ceramic plates,380
https://www.net-a-porter.com/en-us/shop/product/brunello-cucinelli/clothing/cardigans/cable-knit-alpaca-and-cotton-blend-cardigan/1647597303765928,Clothing,Brunello Cucinelli,207 Results,Clothing,Knitwear,Cardigan,Cable-knit alpaca and cotton-blend cardigan,1495
https://www.net-a-porter.com/en-us/shop/product/brunello-cucinelli/accessories/collectables/set-of-two-glazed-ceramic-bowls/13452677150094879,Home,Brunello Cucinelli,207 Results,Home,Tableware,N/A,Set of two glazed ceramic bowls,380
https://www.net-a-porter.com/en-us/shop/product/brunello-cucinelli/accessories/throws/sequin-embellished-ribbed-cashmere-and-silk-blend-down-cushion/24772899113509082,Home,Brunello Cucinelli,207 Results,Home,Throws and Cushions,N/A,Sequin-embellished ribbed cashmere and silk-blend down cushion,945
https://www.net-a-porter.com/en-us/shop/product/brunello-cucinelli/clothing/round-neck/cropped-ombre-sequined-knitted-sweater/1647597295028910,Clothing,Brunello Cucinelli,207 Results,Clothing,Knitwear,Sweater,Cropped ombré sequined knitted sweater,5500
https://www.net-a-porter.com/en-us/shop/product/brunello-cucinelli/clothing/straight-leg/bead-embellished-pleated-wool-straight-leg-pants/1647597295028906,Clothing,Brunello Cucinelli,207 Results,Clothing,Pants,Straight Leg,Bead-embellished pleated wool straight-leg pants,1750
https://www.net-a-porter.com/en-us/shop/product/brunello-cucinelli/lifestyle/tableware/leather-steel-and-stone-serving-board/1647597303756376,Home,Brunello Cucinelli,207 Results,Home,Tableware,N/A,"Leather, steel and stone serving board",1450
https://www.net-a-porter.com/en-us/shop/product/brunello-cucinelli/accessories/throws/fringed-cashmere-blanket/13452677152189896,Home,Brunello Cucinelli,207 Results,Home,Throws and Cushions,N/A,Fringed cashmere blanket,2395
https://www.net-a-porter.com/en-us/shop/product/brunello-cucinelli/accessories/cushions/shearling-and-leather-cushion/1647597283559019,Home,Brunello Cucinelli,207 Results,Home,Throws and Cushions,N/A,Shearling and leather cushion,1950
https://www.net-a-porter.com/en-us/shop/product/brunello-cucinelli/clothing/cardigans/ribbed-wool-cashmere-and-silk-blend-cardigan/1647597295028948,Clothing,Brunello Cucinelli,207 Results,Clothing,Knitwear,Cardigan,"Ribbed wool, cashmere and silk-blend cardigan",5600
https://www.net-a-porter.com/en-us/shop/product/brunello-cucinelli/accessories/throws/ribbed-cashmere-down-cushion/24772899113509081,Home,Brunello Cucinelli,207 Results,Home,Throws and Cushions,N/A,Ribbed cashmere down cushion,725
https://www.net-a-porter.com/en-us/shop/product/brunello-cucinelli/clothing/midi-dresses/belted-cotton-blend-poplin-midi-dress/1647597303765886,Clothing,Brunello Cucinelli,207 Results,Clothing,Dresses,Midi Dresses,Belted cotton-blend poplin midi dress,2995
https://www.net-a-porter.com/en-us/shop/product/brunello-cucinelli/clothing/wide-leg/crinkled-cotton-blend-wide-leg-pants/1647597303765894,,Brunello Cucinelli,207 Results,N/A,N/A,N/A,Crinkled cotton-blend wide-leg pants,2250
https://www.net-a-porter.com/en-us/shop/product/brunello-cucinelli/clothing/midi-dresses/cotton-poplin-midi-shirt-dress/1647597303556970,Clothing,Brunello Cucinelli,207 Results,Clothing,Dresses,Midi Dresses,Cotton-poplin midi shirt dress,4295
https://www.net-a-porter.com/en-us/shop/product/brunello-cucinelli/accessories/decorative-objects/glass-and-walnut-wood-bottle/1647597283559018,Home,Brunello Cucinelli,207 Results,Home,Decorative Objects,N/A,Glass and walnut wood bottle,1950
https://www.net-a-porter.com/en-us/shop/product/brunello-cucinelli/shoes/low-top/shearling-lined-nubuck-sneakers/1647597287333746,Shoes,Brunello Cucinelli,207 Results,Shoes,Sneakers,Court,Shearling-lined nubuck sneakers,1495
https://www.net-a-porter.com/en-us/shop/product/brunello-cucinelli/lifestyle/decorative-objects/cable-knit-cashmere-cushion/1647597303756378,Home,Brunello Cucinelli,207 Results,Home,Decorative Objects,N/A,Cable-knit cashmere cushion,1050
https://www.net-a-porter.com/en-us/shop/product/brunello-cucinelli/accessories/tableware/set-of-three-ceramic-bowls/46376663162531920,Home,Brunello Cucinelli,207 Results,Home,Tableware,N/A,Set of three ceramic bowls,495
https://www.net-a-porter.com/en-us/shop/product/brunello-cucinelli/accessories/tableware/set-of-three-ceramic-bowls/1647597288658696,Home,Brunello Cucinelli,207 Results,Home,Tableware,N/A,Set of three ceramic bowls,495
https://www.net-a-porter.com/en-us/shop/product/brunello-cucinelli/lifestyle/decorative-objects/cable-knit-cashmere-pillow/1647597283559020,Home,Brunello Cucinelli,207 Results,Home,Decorative Objects,N/A,Cable-knit cashmere pillow,1050
https://www.net-a-porter.com/en-us/shop/product/brunello-cucinelli/clothing/round-neck/cropped-sequin-embellished-cable-knit-linen-blend-vest/1647597303765932,Clothing,Brunello Cucinelli,207 Results,Clothing,Knitwear,Sweater,Cropped sequin-embellished cable-knit linen-blend vest,1250
https://www.net-a-porter.com/en-us/shop/product/brunello-cucinelli/clothing/maxi/pleated-silk-chiffon-midi-skirt/1647597303765920,Clothing,Brunello Cucinelli,207 Results,Clothing,Skirts,Maxi Skirts,Pleated silk-chiffon midi skirt,2095
https://www.net-a-porter.com/en-us/shop/product/brunello-cucinelli/clothing/wide-leg/pleated-mid-rise-wide-leg-jeans/1647597303556763,Clothing,Brunello Cucinelli,207 Results,Clothing,Jeans,Wide Leg,Pleated mid-rise wide-leg jeans,1595
https://www.net-a-porter.com/en-us/shop/product/brunello-cucinelli/accessories/collectables/ceramic-vase/29419655932738148,Home,Brunello Cucinelli,207 Results,Home,Decorative Objects,N/A,Ceramic vase,375
https://www.net-a-porter.com/en-us/shop/product/brunello-cucinelli/lifestyle/tableware/walnut-wood-and-stone-box/1647597294527096,Home,Brunello Cucinelli,207 Results,Home,Tableware,N/A,Walnut wood and stone box,895
https://www.net-a-porter.com/en-us/shop/product/brunello-cucinelli/accessories/collectables/set-of-two-glazed-ceramic-bowls/1647597288658694,Home,Brunello Cucinelli,207 Results,Home,Tableware,N/A,Set of two glazed ceramic bowls,420
https://www.net-a-porter.com/en-us/shop/product/brunello-cucinelli/accessories/throws/ribbed-cashmere-down-cushion/29419655932738139,Home,Brunello Cucinelli,207 Results,Home,Throws and Cushions,N/A,Ribbed cashmere down cushion,725
https://www.net-a-porter.com/en-us/shop/product/brunello-cucinelli/accessories/throws/two-tone-cashmere-blanket/46376663162531922,Home,Brunello Cucinelli,207 Results,Home,Throws and Cushions,N/A,Two-tone cashmere blanket,2950
https://www.net-a-porter.com/en-us/shop/product/brunello-cucinelli/lifestyle/decorative-objects/fringed-striped-linen-blend-blanket/1647597303756384,Home,Brunello Cucinelli,207 Results,Home,Decorative Objects,N/A,Fringed striped linen-blend blanket,850
https://www.net-a-porter.com/en-us/shop/product/brunello-cucinelli/accessories/collectables/walnut-and-leather-bowls-set/29419655932738141,Home,Brunello Cucinelli,207 Results,Home,Decorative Objects,N/A,Walnut and leather bowls set,2550
https://www.net-a-porter.com/en-us/shop/product/brunello-cucinelli/lifestyle/tableware/set-of-four-bead-embellished-linen-napkins/29419655932738138,Home,Brunello Cucinelli,207 Results,Home,Tableware,N/A,Set of four bead-embellished linen napkins,720
https://www.net-a-porter.com/en-us/shop/product/brunello-cucinelli/clothing/blazers/double-breasted-melange-wool-blazer/1647597295028965,Clothing,Brunello Cucinelli,207 Results,Clothing,Jackets,N/A,Double-breasted mélange wool blazer,4195
https://www.net-a-porter.com/en-us/shop/product/brunello-cucinelli/bags/tote-bags/webbing-and-leather-trimmed-canvas-tote/1647597298274072,Bags,Brunello Cucinelli,207 Results,Bags,Tote Bags,N/A,Webbing and leather-trimmed canvas tote,1990
https://www.net-a-porter.com/en-us/shop/product/brunello-cucinelli/lifestyle/decorative-objects/walnut-wood-and-krion-noughts-and-crosses-set/1647597288658698,Home,Brunello Cucinelli,207 Results,Home,Decorative Objects,N/A,Walnut wood and Krion noughts and crosses set,1250
https://www.net-a-porter.com/en-us/shop/product/brunello-cucinelli/accessories/collectables/walnut-wood-and-krion-noughts-and-crosses-set/13452677150094885,Home,Brunello Cucinelli,207 Results,Home,Decorative Objects,N/A,Walnut wood and Krion noughts and crosses set,1025
https://www.net-a-porter.com/en-us/shop/product/brunello-cucinelli/accessories/fedoras/bead-embellished-striped-straw-fedora/1647597302653395,Accessories,Brunello Cucinelli,207 Results,Accessories,Hats,Fedoras,Bead-embellished striped straw fedora,1195
https://www.net-a-porter.com/en-us/shop/product/brunello-cucinelli/clothing/maxi/embellished-cotton-voile-maxi-skirt/38063312420409580,Clothing,Brunello Cucinelli,207 Results,Clothing,Skirts,Maxi Skirts,Embellished cotton-voile maxi skirt,2995
https://www.net-a-porter.com/en-us/shop/product/brunello-cucinelli/clothing/straight-leg/pleated-wool-blend-tapered-pants/1647597303765913,Clothing,Brunello Cucinelli,207 Results,Clothing,Pants,Straight Leg,Pleated wool-blend tapered pants,1495
https://www.net-a-porter.com/en-us/shop/product/brunello-cucinelli/shoes/ankle/shearling-and-suede-ankle-boots/1647597287333742,Shoes,Brunello Cucinelli,207 Results,Shoes,Boots,Ankle,Shearling and suede ankle boots,2495
https://www.net-a-porter.com/en-us/shop/product/brunello-cucinelli/shoes/flat/bead-embellished-leather-slides/27086482323821613,Shoes,Brunello Cucinelli,207 Results,Shoes,Sandals,Simple,Bead-embellished leather slides,695
https://www.net-a-porter.com/en-us/shop/product/brunello-cucinelli/clothing/casual-jackets/bead-embellished-shearling-lined-leather-jacket/46376663162454417,Clothing,Brunello Cucinelli,207 Results,Clothing,Jackets,N/A,Bead-embellished shearling-lined leather jacket,13450
https://www.net-a-porter.com/en-us/shop/product/brunello-cucinelli/shoes/flat/embellished-shearling-lined-suede-slides/1647597287333743,Shoes,Brunello Cucinelli,207 Results,Shoes,Sandals,Flat Sandals,Embellished shearling-lined suede slides,1195
https://www.net-a-porter.com/en-us/shop/product/brunello-cucinelli/clothing/cardigans/open-knit-camel-hair-and-silk-blend-cardigan/43769801095727923,Clothing,Brunello Cucinelli,207 Results,Clothing,Knitwear,Cardigan,Open-knit camel hair and silk-blend cardigan,3495
https://www.net-a-porter.com/en-us/shop/product/brunello-cucinelli/clothing/turtleneck/metallic-cashmere-blend-turtleneck-sweater/13452677153288152,Clothing,Brunello Cucinelli,207 Results,Clothing,Knitwear,Sweater,Metallic cashmere-blend turtleneck sweater,1195
https://www.net-a-porter.com/en-us/shop/product/brunello-cucinelli/clothing/turtleneck/metallic-ribbed-cashmere-blend-top/13452677153288216,Clothing,Brunello Cucinelli,207 Results,Clothing,Knitwear,Sweater,Metallic ribbed cashmere-blend top,1295
https://www.net-a-porter.com/en-us/shop/product/brunello-cucinelli/accessories/decorative-objects/glass-suede-and-cork-hourglass/34344356237146682,Home,Brunello Cucinelli,207 Results,Home,Decorative Objects,N/A,"Glass, suede and cork hourglass",730
https://www.net-a-porter.com/en-us/shop/product/brunello-cucinelli/clothing/round-neck/cropped-sequin-embellished-jacquard-knit-sweater/1647597303556795,Clothing,Brunello Cucinelli,207 Results,Clothing,Knitwear,Sweater,Cropped sequin-embellished jacquard-knit sweater,2595
