"Game","Month","Average Channels Rank","Average Channels Streaming","Average Monthly Viewers","Average Viewer Rank","Peack Channels Streaming","Peak Channels Rank","Peak Viewer Rank","Peak Viewership","Total Hours Streamed","Total Hours Watched"
"RuneScape","August 2015","32","88","4622","19","137","52","156","15888","65672","3434183"
"RuneScape","September 2015","32","82","4136","19","144","47","130","12657","59221","2974481"
"RuneScape","October 2015","28","82","4763","17","135","53","56","29029","61250","3539544"
"RuneScape","November 2015","29","81","7897","12","135","47","45","30881","58652","5678619"
"RuneScape","December 2015","29","92","5681","16","157","39","110","20610","68791","4221432"
"RuneScape","January 2016","30","100","6235","17","167","39","277","18809","74628","4632857"
"RuneScape","February 2016","32","103","5773","16","199","45","104","21428","71719","4012630"
"RuneScape","March 2016","31","101","7145","13","214","39","17","72411","75185","5309272"
"RuneScape","April 2016","26","104","7465","13","171","48","73","24109","74804","5367602"
"RuneScape","May 2016","28","111","8006","10","183","41","16","48463","83171","5948742"
"RuneScape","June 2016","28","108","8262","11","189","41","9","85177","77652","5940701"
"RuneScape","July 2016","28","98","7593","13","169","41","237","24483","73507","5641606"
"RuneScape","August 2016","30","94","6443","13","153","46","84","21214","70089","4787868"
"RuneScape","September 2016","31","92","4875","17","182","40","55","23262","66700","3505204"
"RuneScape","October 2016","31","94","5958","13","169","52","70","23514","69880","4426795"
"RuneScape","November 2016","33","100","8078","13","170","52","55","25677","72157","5808177"
"RuneScape","December 2016","31","106","7807","12","215","38","12","70300","79054","5800694"
"RuneScape","January 2017","31","124","9672","12","209","39","173","48173","92407","7186318"
"RuneScape","February 2017","31","123","6857","21","229","39","83","21663","82844","4601431"
"RuneScape","March 2017","36","121","8537","13","219","45","12","94782","90253","6343446"
"RuneScape","April 2017","28","125","6916","17","212","40","59","32124","90553","4973224"
"RuneScape","May 2017","31","127","6465","17","213","45","74","22774","94457","4803772"
"RuneScape","June 2017","30","125","9374","13","200","45","14","62246","90560","6740141"
"RuneScape","July 2017","33","130","6830","12","219","45","142","84990","97152","5074893"
"RuneScape","August 2017","33","119","6055","14","196","56","54","36338","88632","4499315"
"RuneScape","September 2017","29","125","7280","15","215","43","17","61019","90027","5234560"
"RuneScape","October 2017","30","127","5536","26","203","49","100","17962","95005","4113583"
"RuneScape","November 2017","32","124","5495","24","196","49","111","16300","89286","3951182"
"RuneScape","December 2017","29","140","6548","16","244","41","15","79031","104357","4865733"
"RuneScape","January 2018","31","162","6299","22","273","41","208","32178","120949","4680580"
"RuneScape","February 2018","31","162","6152","18","281","43","132","16167","109002","4128570"
"RuneScape","March 2018","31","160","7351","17","267","49","17","74563","119061","5461876"
"RuneScape","April 2018","31","152","5068","27","238","50","90","30442","109469","3644099"
"RuneScape","May 2018","26","154","6149","22","252","54","121","20452","114930","4569105"
"RuneScape","June 2018","33","155","9906","18","255","61","149","70446","112033","7122540"
"RuneScape","July 2018","35","138","5359","26","235","46","228","17396","102767","3981997"
"RuneScape","August 2018","74","57","612","121","134","97","466","5752","42648","455000"
"RuneScape","September 2018","78","50","642","124","112","101","429","6184","35972","462025"
"RuneScape","October 2018","85","43","655","124","83","137","370","7022","32460","486805"
"RuneScape","November 2018","92","43","521","149","102","123","500","5089","31402","375315"
"RuneScape","December 2018","97","43","556","158","85","134","243","16432","32362","413399"
"RuneScape","January 2019","95","52","898","118","94","135","500","7989","38720","667725"
"RuneScape","February 2019","88","52","911","109","134","105","500","5326","35224","611378"
"RuneScape","March 2019","99","48","773","117","94","138","415","6391","35950","574623"
"RuneScape","April 2019","105","46","1084","96","82","148","439","6333","33502","779747"
"RuneScape","May 2019","106","44","1009","102","80","166","353","10320","33305","749909"
"RuneScape","June 2019","114","41","692","135","87","154","419","9376","30146","497661"
"RuneScape","July 2019","112","40","838","101","93","114","425","9020","30301","622635"
"RuneScape","August 2019","104","40","1032","91","74","153","374","7613","29815","767038"
"RuneScape","September 2019","122","35","692","120","74","167","417","5848","25450","498148"
"RuneScape","October 2019","112","35","759","119","69","170","98","25174","26650","564174"
"RuneScape","November 2019","112","36","511","149","70","165","476","5515","26299","367465"
"RuneScape","December 2019","124","36","480","169","71","162","500","4314","27062","356648"
"RuneScape","January 2020","125","42","554","172","77","161","500","4661","31472","411969"
"RuneScape","February 2020","110","47","682","155","92","149","500","6472","32693","474167"
"RuneScape","March 2020","128","48","872","143","157","128","300","13200","35800","647906"
"RuneScape","April 2020","129","60","1587","108","105","197","444","8745","43331","1141558"
"RuneScape","May 2020","131","64","987","167","139","162","500","7088","47736","733736"
"RuneScape","June 2020","134","57","847","172","96","204","500","5039","41553","609009"
"RuneScape","July 2020","136","58","966","161","100","221","500","7186","43198","718170"
"RuneScape","August 2020","138","59","928","165","113","187","500","8367","44554","689777"
"RuneScape","September 2020","146","56","906","169","95","228","500","6040","40866","651962"
"RuneScape","October 2020","122","72","1113","150","139","175","250","20562","53500","827309"
"RuneScape","November 2020","133","69","927","180","148","180","500","8816","49850","666714"
"RuneScape","December 2020","137","64","1007","169","120","193","500","8018","48068","748311"
"RuneScape","January 2021","148","70","1066","161","128","195","500","6024","52051","792101"
"RuneScape","February 2021","149","71","1794","123","130","199","408","11971","48099","1204025"
"RuneScape","March 2021","159","69","2602","104","116","231","434","13756","51367","1933902"
"RuneScape","April 2021","161","68","2220","122","126","220","500","10460","49347","1596587"
"RuneScape","May 2021","171","65","1603","139","126","223","500","9821","48822","1191608"
"RuneScape","June 2021","171","60","1094","180","110","239","500","6336","43773","786808"
"RuneScape","July 2021","179","55","978","197","113","241","500","7311","40883","727039"
"RuneScape","August 2021","177","57","979","203","116","229","500","7887","42966","727903"
"RuneScape","September 2021","185","55","1266","160","101","258","500","9748","39867","910659"
"RuneScape","October 2021","206","44","815","210","85","299","492","11189","33301","606256"
"RuneScape","November 2021","196","46","751","212","95","271","500","5293","33503","540042"
"RuneScape","December 2021","183","49","691","225","94","241","500","2421","37107","513459"
"RuneScape","January 2022","199","48","736","237","101","240","500","2687","36357","546978"
"RuneScape","February 2022","202","46","663","228","88","262","500","3113","31079","445171"
"RuneScape","March 2022","217","39","718","208","73","294","500","4044","29182","533910"
"RuneScape","April 2022","216","42","1293","162","74","305","500","5452","30390","929951"
"RuneScape","May 2022","209","42","1034","178","92","247","500","6028","31557","768840"
"RuneScape","June 2022","213","42","780","211","76","303","500","5671","30877","561044"
"RuneScape","July 2022","207","45","1056","172","150","157","500","10347","33633","784944"
"RuneScape","August 2022","218","42","814","210","97","277","478","14948","31344","605123"
"RuneScape","September 2022","216","41","771","216","127","192","500","5177","29834","554762"
"RuneScape","October 2022","212","40","718","232","84","298","500","4545","29871","533639"
"RuneScape","November 2022","235","34","538","254","79","308","500","3839","24675","386895"
"RuneScape","December 2022","231","34","547","259","94","245","500","13227","25992","406580"
"RuneScape","January 2023","225","39","658","240","82","278","500","3632","29711","489371"
"RuneScape","February 2023","222","38","793","204","76","309","500","6142","26032","532428"
"RuneScape","March 2023","239","35","824","200","70","330","500","3330","26245","612387"
"RuneScape","April 2023","255","35","679","251","67","355","500","3251","25199","488731"
"RuneScape","May 2023","243","35","546","268","71","323","500","3699","26358","406322"
"RuneScape","June 2023","231","34","514","255","66","340","500","4197","24933","369850"
"RuneScape","July 2023","236","36","545","262","71","302","500","2203","27085","405564"
"RuneScape","August 2023","184","50","1692","123","241","114","483","14156","37218","1257383"
"OldSchool RuneScape","August 2015","467","1","2","500","7","500","500","269","1148","1866"
"OldSchool RuneScape","September 2015","500","1","2","500","7","500","500","165","731","1444"
"OldSchool RuneScape","October 2015","500","0","2","500","5","500","500","419","718","2127"
"OldSchool RuneScape","November 2015","500","0","3","500","5","500","500","405","664","2248"
"OldSchool RuneScape","December 2015","500","1","1","500","6","500","500","26","755","1074"
"OldSchool RuneScape","January 2016","500","1","2","500","6","500","500","52","828","1556"
"OldSchool RuneScape","February 2016","500","1","1","500","8","500","500","38","953","1321"
"OldSchool RuneScape","March 2016","500","1","2","500","7","500","500","147","804","1541"
"OldSchool RuneScape","April 2016","500","1","3","500","7","500","500","1211","845","2248"
"OldSchool RuneScape","May 2016","500","1","4","500","9","500","466","3045","1179","3339"
"OldSchool RuneScape","June 2016","500","1","2","500","7","500","500","92","1031","2156"
"OldSchool RuneScape","July 2016","500","1","2","500","6","500","500","64","909","1652"
"OldSchool RuneScape","August 2016","500","1","1","500","7","500","500","30","882","1361"
"OldSchool RuneScape","September 2016","500","0","1","500","6","500","500","40","698","1345"
"OldSchool RuneScape","October 2016","500","0","1","500","5","500","500","19","736","1309"
"OldSchool RuneScape","November 2016","500","1","2","500","8","500","500","47","996","2098"
"OldSchool RuneScape","December 2016","500","1","2","500","9","500","500","45","1018","2060"
"OldSchool RuneScape","January 2017","500","1","4","500","9","500","500","251","1243","3578"
"OldSchool RuneScape","February 2017","500","1","2","500","8","500","500","22","908","1695"
"OldSchool RuneScape","March 2017","500","1","3","500","8","500","500","133","1142","2710"
"OldSchool RuneScape","April 2017","500","1","3","500","9","500","500","54","1054","2464"
"OldSchool RuneScape","May 2017","500","1","3","500","8","500","500","56","1032","2336"
"OldSchool RuneScape","June 2017","500","1","2","500","9","500","500","67","1099","2140"
"OldSchool RuneScape","July 2017","500","1","3","500","9","500","500","68","1231","2283"
"OldSchool RuneScape","August 2017","500","1","3","500","9","500","500","231","1071","2692"
"OldSchool RuneScape","September 2017","500","1","4","500","11","500","500","223","1214","3199"
"OldSchool RuneScape","October 2017","500","2","4","500","11","500","500","454","1700","3233"
"OldSchool RuneScape","November 2017","500","2","5","500","11","500","500","85","1658","4146"
"OldSchool RuneScape","December 2017","454","3","7","500","12","500","500","146","2345","5877"
"OldSchool RuneScape","January 2018","324","6","14","500","19","384","500","88","4765","11012"
"OldSchool RuneScape","February 2018","312","6","17","500","24","336","500","269","4687","11913"
"OldSchool RuneScape","March 2018","303","7","22","500","25","324","500","689","5594","16677"
"OldSchool RuneScape","April 2018","307","7","19","500","19","407","500","154","5154","13895"
"OldSchool RuneScape","May 2018","292","7","21","500","27","314","500","591","5824","15987"
"OldSchool RuneScape","June 2018","226","13","88","494","34","272","500","1548","9487","63359"
"OldSchool RuneScape","July 2018","96","39","1579","67","203","54","266","15232","29345","1173728"
"OldSchool RuneScape","August 2018","34","133","6138","25","215","61","123","22048","99065","4561263"
"OldSchool RuneScape","September 2018","40","126","7653","21","210","62","13","105265","91022","5503222"
"OldSchool RuneScape","October 2018","41","127","6355","24","210","61","161","19880","94624","4721963"
"OldSchool RuneScape","November 2018","38","149","7061","29","253","55","36","66958","107337","5076932"
"OldSchool RuneScape","December 2018","40","154","8977","23","249","53","20","91808","114449","6670511"
"OldSchool RuneScape","January 2019","41","186","10427","23","332","47","166","41530","138224","7747601"
"OldSchool RuneScape","February 2019","36","167","9688","19","287","52","58","34040","112436","6501016"
"OldSchool RuneScape","March 2019","39","165","10035","19","271","53","24","83930","122999","7456104"
"OldSchool RuneScape","April 2019","41","160","7698","23","273","53","66","30328","115159","5535080"
"OldSchool RuneScape","May 2019","39","153","6287","30","247","58","55","41884","113720","4671436"
"OldSchool RuneScape","June 2019","41","140","6070","29","239","65","140","80330","100862","4364891"
"OldSchool RuneScape","July 2019","36","138","5654","27","239","48","105","23261","103129","4201132"
"OldSchool RuneScape","August 2019","40","125","5826","26","214","57","203","17211","93183","4328771"
"OldSchool RuneScape","September 2019","45","106","5263","35","178","82","127","24083","76824","3784233"
"OldSchool RuneScape","October 2019","46","110","4684","33","185","70","58","31826","82185","3480790"
"OldSchool RuneScape","November 2019","45","120","7167","27","217","62","69","39575","86435","5153165"
"OldSchool RuneScape","December 2019","47","115","4929","35","193","64","246","17387","85575","3662509"
"OldSchool RuneScape","January 2020","48","130","5956","35","220","67","310","20197","97237","4425638"
"OldSchool RuneScape","February 2020","46","137","6346","30","224","64","88","29455","95771","4410537"
"OldSchool RuneScape","March 2020","44","154","6709","31","296","74","178","21516","114788","4984883"
"OldSchool RuneScape","April 2020","43","211","10270","28","329","77","93","37832","151879","7384185"
"OldSchool RuneScape","May 2020","46","224","12508","25","352","74","34","77627","166505","9293815"
"OldSchool RuneScape","June 2020","45","196","8552","33","338","63","161","28364","141068","6149011"
"OldSchool RuneScape","July 2020","48","196","7855","36","312","73","241","19120","145765","5836399"
"OldSchool RuneScape","August 2020","52","182","6081","43","299","83","427","18013","135474","4518433"
"OldSchool RuneScape","September 2020","52","178","6635","46","274","96","286","16056","128128","4770987"
"OldSchool RuneScape","October 2020","51","202","9525","33","629","49","43","93917","150821","7077659"
"OldSchool RuneScape","November 2020","49","220","10355","35","408","75","102","50077","158693","7445561"
"OldSchool RuneScape","December 2020","63","164","5343","48","282","93","294","22012","122350","3970486"
"OldSchool RuneScape","January 2021","67","180","6376","48","292","100","459","15853","134357","4737942"
"OldSchool RuneScape","February 2021","67","180","6475","51","300","104","351","15262","121081","4344818"
"OldSchool RuneScape","March 2021","64","180","6067","55","290","112","163","36439","134233","4508503"
"OldSchool RuneScape","April 2021","75","172","6159","52","274","122","406","17507","124172","4429010"
"OldSchool RuneScape","May 2021","81","161","6051","57","262","127","381","18401","119991","4496558"
"OldSchool RuneScape","June 2021","75","152","6662","45","250","116","303","21413","109840","4790184"
"OldSchool RuneScape","July 2021","73","151","6525","49","257","109","357","27580","112803","4848691"
"OldSchool RuneScape","August 2021","72","154","8892","41","247","115","237","39359","114511","6607188"
"OldSchool RuneScape","September 2021","69","154","7380","44","280","105","40","96743","110883","5306324"
"OldSchool RuneScape","October 2021","56","168","10763","37","428","70","51","95565","124954","7997347"
"OldSchool RuneScape","November 2021","69","143","7160","49","247","117","191","29474","103317","5148481"
"OldSchool RuneScape","December 2021","70","139","6275","54","232","107","461","18844","103381","4662991"
"OldSchool RuneScape","January 2022","64","187","11500","36","569","58","218","58864","139192","8544767"
"OldSchool RuneScape","February 2022","70","148","5896","56","278","93","500","15410","99503","3956485"
"OldSchool RuneScape","March 2022","82","126","4505","63","214","116","500","11049","94352","3347700"
"OldSchool RuneScape","April 2022","68","139","4929","61","234","108","500","11588","100502","3544357"
"OldSchool RuneScape","May 2022","67","138","5709","59","226","110","248","26406","102751","4242388"
"OldSchool RuneScape","June 2022","74","135","6732","51","227","115","345","26311","97592","4840927"
"OldSchool RuneScape","July 2022","68","150","7004","47","243","105","202","32949","111646","5204074"
"OldSchool RuneScape","August 2022","65","168","10033","40","594","58","112","64684","124980","7454674"
"OldSchool RuneScape","September 2022","73","155","9042","39","263","105","112","51727","111785","6501411"
"OldSchool RuneScape","October 2022","69","143","7540","41","258","109","212","25283","106907","5602312"
"OldSchool RuneScape","November 2022","68","139","7075","45","260","101","129","32972","100034","5086994"
"OldSchool RuneScape","December 2022","67","143","6798","47","351","74","208","36528","106387","5051021"
"OldSchool RuneScape","January 2023","61","171","8711","39","291","87","329","30812","127138","6472661"
"OldSchool RuneScape","February 2023","64","163","8835","44","289","100","268","21560","109575","5928412"
"OldSchool RuneScape","March 2023","68","156","9990","43","278","96","153","41158","116594","7422954"
"OldSchool RuneScape","April 2023","75","157","8163","48","271","112","252","22353","113047","5869693"
"OldSchool RuneScape","May 2023","74","149","8450","43","238","117","315","22248","111356","6278873"
"OldSchool RuneScape","June 2023","73","134","6988","46","235","106","322","17284","97060","5024496"
"OldSchool RuneScape","July 2023","72","146","8470","44","286","90","123","41664","108950","6293645"
"OldSchool RuneScape","August 2023","76","143","11011","37","257","109","162","51085","106332","8181727"
"This Means Warp","September 2020","500","0","0","500","1","500","500","2","2","3"
"This Means Warp","October 2020","500","0","0","500","1","500","500","3","2","5"
"This Means Warp","November 2020",,,,,,,,,,
"This Means Warp","December 2020",,,,,,,,,,
"This Means Warp","January 2021",,,,,,,,,,
"This Means Warp","February 2021",,,,,,,,,,
"This Means Warp","March 2021",,,,,,,,,,
"This Means Warp","April 2021",,,,,,,,,,
"This Means Warp","May 2021",,,,,,,,,,
"This Means Warp","June 2021",,,,,,,,,,
"This Means Warp","July 2021","500","0","0","500","4","500","500","18","69","257"
"This Means Warp","August 2021",,,,,,,,,,
"This Means Warp","September 2021","500","0","0","500","3","500","500","307","26","445"
"This Means Warp","October 2021","500","0","1","500","3","500","500","478","83","1440"
"This Means Warp","November 2021","500","0","0","500","2","500","500","325","13","392"
"This Means Warp","December 2021","500","0","0","500","1","500","500","4","6","17"
"This Means Warp","January 2022","500","0","0","500","1","500","500","2","2","2"
"This Means Warp","February 2022","500","0","1","500","1","500","500","277","13","687"
"This Means Warp","March 2022","500","0","7","500","12","500","500","1110","344","5563"
"This Means Warp","April 2022","500","0","3","500","5","500","500","216","304","2742"
"This Means Warp","May 2022","500","0","120","500","3","500","500","9026","264","89178"
"This Means Warp","June 2022","500","0","0","500","3","500","500","73","88","533"
"This Means Warp","July 2022","500","0","0","500","4","500","500","51","77","340"
"This Means Warp","August 2022","500","0","8","500","5","500","500","2329","87","6105"
"This Means Warp","September 2022","500","0","6","500","7","500","500","1016","163","4824"
"This Means Warp","October 2022","500","0","8","500","2","500","500","3573","59","6302"
"This Means Warp","November 2022","500","0","3","500","3","500","500","214","77","2530"
"This Means Warp","December 2022","500","0","0","500","3","500","500","57","80","301"
"This Means Warp","January 2023","500","0","0","500","2","500","500","15","61","160"
"This Means Warp","February 2023","500","0","0","500","1","500","500","31","11","51"
"This Means Warp","March 2023","500","0","0","500","2","500","500","11","36","83"
"This Means Warp","April 2023","500","0","2","500","3","500","500","591","67","1982"
"This Means Warp","May 2023","500","0","19","500","10","500","500","1528","326","14407"
"This Means Warp","June 2023","500","0","1","500","4","500","500","118","183","1216"
"This Means Warp","July 2023","500","0","0","500","2","500","500","47","95","434"
"This Means Warp","August 2023","500","0","0","500","2","500","500","24","23","128"
"Space Punks","July 2021","500","1","49","500","23","500","500","2810","1285","36708"
"Space Punks","August 2021","500","0","2","500","5","500","500","143","314","2014"
"Space Punks","September 2021","500","0","1","500","4","500","500","91","201","1319"
"Space Punks","October 2021","500","0","0","500","2","500","500","34","97","523"
"Space Punks","November 2021","500","0","0","500","1","500","500","13","32","107"
"Space Punks","December 2021","500","0","16","500","4","500","500","2345","119","12520"
"Space Punks","January 2022","500","0","0","500","2","500","500","30","73","258"
"Space Punks","February 2022","500","0","0","500","2","500","500","27","20","102"
"Space Punks","March 2022","500","0","0","500","1","500","500","5","23","24"
"Space Punks","April 2022","500","4","19","500","40","480","500","414","2889","13847"
"Space Punks","May 2022","500","2","16","500","16","500","500","797","2146","11930"
"Space Punks","June 2022","500","0","3","500","6","500","500","118","649","2803"
"Space Punks","July 2022","500","0","1","500","7","500","500","54","619","1396"
"Space Punks","August 2022","500","0","1","500","4","500","500","123","366","959"
"Space Punks","September 2022","500","0","0","500","4","500","500","19","266","493"
"Space Punks","October 2022","500","0","0","500","3","500","500","21","191","349"
"Space Punks","November 2022","500","0","2","500","2","500","500","181","169","1495"
"Space Punks","December 2022","500","0","0","500","4","500","500","38","134","320"
"Space Punks","January 2023","500","0","0","500","5","500","500","33","335","589"
"Space Punks","February 2023","500","0","0","500","2","500","500","12","135","219"
"Space Punks","March 2023","500","0","0","500","5","500","500","35","202","502"
"Space Punks","April 2023","500","0","0","500","2","500","500","15","136","225"
"Space Punks","May 2023","500","0","0","500","2","500","500","31","97","241"
"Space Punks","June 2023","500","0","0","500","2","500","500","37","109","361"
"Space Punks","July 2023","500","0","0","500","2","500","500","14","60","151"
"Space Punks","August 2023","500","0","0","500","2","500","500","8","38","70"
"EveOnline","August 2015","140","9","643","70","29","164","205","10699","7406","478225"
"EveOnline","September 2015","142","9","243","109","32","145","410","2921","7189","174903"
"EveOnline","October 2015","148","10","269","119","26","197","361","4349","7904","200395"
"EveOnline","November 2015","135","11","249","105","31","179","361","3121","7995","179445"
"EveOnline","December 2015","136","11","331","105","26","196","219","8706","8563","246132"
"EveOnline","January 2016","139","13","379","124","35","167","500","1867","9751","282036"
"EveOnline","February 2016","137","13","349","108","35","165","500","2418","9180","243057"
"EveOnline","March 2016","141","12","483","85","37","157","241","7127","9295","359560"
"EveOnline","April 2016","108","18","832","62","39","158","201","9119","13566","598577"
"EveOnline","May 2016","123","15","542","71","36","164","447","3259","11337","403072"
"EveOnline","June 2016","159","10","374","94","26","222","291","4872","7843","269192"
"EveOnline","July 2016","165","10","383","117","28","200","500","2892","7890","285177"
"EveOnline","August 2016","190","8","287","130","25","231","419","3897","6587","213455"
"EveOnline","September 2016","170","9","245","126","27","203","420","2788","6595","176166"
"EveOnline","October 2016","157","10","620","74","24","237","160","11012","7855","460904"
"EveOnline","November 2016","122","17","678","81","47","145","419","3340","12451","487744"
"EveOnline","December 2016","114","19","851","77","74","99","131","15967","14796","632768"
"EveOnline","January 2017","136","16","786","92","33","195","500","2606","12174","584184"
"EveOnline","February 2017","144","15","736","89","32","199","500","3029","10422","494053"
"EveOnline","March 2017","152","13","429","104","48","147","464","3132","9911","319307"
"EveOnline","April 2017","145","14","415","117","48","137","500","2828","10582","298591"
"EveOnline","May 2017","143","16","397","121","33","196","500","1819","12044","295512"
"EveOnline","June 2017","167","13","377","122","33","205","500","3117","9774","271640"
"EveOnline","July 2017","188","13","327","184","28","242","500","5558","9706","243000"
"EveOnline","August 2017","187","13","510","117","32","232","230","8551","9660","379060"
"EveOnline","September 2017","154","15","398","131","35","217","500","3340","11227","286547"
"EveOnline","October 2017","161","14","394","131","35","204","386","4995","10943","293297"
"EveOnline","November 2017","171","13","385","140","32","223","500","1854","10011","276948"
"EveOnline","December 2017","181","13","342","146","39","199","500","3977","9730","254273"
"EveOnline","January 2018","175","15","573","113","51","164","274","19345","11410","425957"
"EveOnline","February 2018","172","16","319","160","39","222","500","3100","11361","214474"
"EveOnline","March 2018","181","15","331","161","34","251","500","2002","11613","246109"
"EveOnline","April 2018","171","17","428","153","51","175","242","10525","12413","307861"
"EveOnline","May 2018","175","16","422","152","42","203","475","5701","12474","314276"
"EveOnline","June 2018","169","19","376","195","41","235","500","4436","13705","271030"
"EveOnline","July 2018","186","18","560","144","45","219","500","7540","13802","416620"
"EveOnline","August 2018","182","17","619","119","45","224","240","10394","13046","460270"
"EveOnline","September 2018","206","15","342","184","34","284","500","1361","10795","246403"
"EveOnline","October 2018","206","15","349","180","34","294","446","5812","11420","259991"
"EveOnline","November 2018","193","16","318","198","33","294","500","2992","11524","228868"
"EveOnline","December 2018","198","16","304","220","50","200","500","3777","12505","226039"
"EveOnline","January 2019","210","17","280","282","36","301","500","3956","13159","208604"
"EveOnline","February 2019","207","16","309","205","37","270","500","1299","11291","207402"
"EveOnline","March 2019","222","16","309","211","71","181","500","2780","12135","229910"
"EveOnline","April 2019","201","18","320","215","38","288","500","1480","13481","230438"
"EveOnline","May 2019","216","16","329","219","39","286","500","1341","12364","244505"
"EveOnline","June 2019","210","18","366","228","35","314","500","2550","13266","263493"
"EveOnline","July 2019","201","18","341","207","41","251","500","1641","13643","253587"
"EveOnline","August 2019","199","18","325","215","78","145","500","3324","13611","241993"
"EveOnline","September 2019","206","16","283","227","34","305","500","1407","12071","203674"
"EveOnline","October 2019","226","14","266","257","34","322","500","4349","10996","197969"
"EveOnline","November 2019","166","20","465","159","49","228","192","15950","14951","334773"
"EveOnline","December 2019","204","18","310","229","39","276","500","2322","13380","230784"
"EveOnline","January 2020","229","17","302","263","36","321","500","1354","12901","225045"
"EveOnline","February 2020","241","16","279","286","32","364","500","1004","11599","194529"
"EveOnline","March 2020","251","19","326","266","62","256","500","1766","14670","242816"
"EveOnline","April 2020","253","25","403","262","48","362","500","3574","18088","290166"
"EveOnline","May 2020","254","26","487","260","50","366","500","2614","19516","362364"
"EveOnline","June 2020","259","22","406","271","49","344","500","2409","16046","292304"
"EveOnline","July 2020","253","25","643","211","57","329","500","3686","18661","477880"
"EveOnline","August 2020","252","25","572","216","52","337","500","3444","18914","425260"
"EveOnline","September 2020","264","23","444","266","47","387","500","2564","17208","319670"
"EveOnline","October 2020","294","22","683","204","55","362","500","6676","16715","508018"
"EveOnline","November 2020","325","20","527","248","51","413","500","4456","14973","379244"
"EveOnline","December 2020","316","22","582","223","46","414","500","5309","16385","432861"
"EveOnline","January 2021","330","24","634","226","45","463","500","12022","18174","471751"
"EveOnline","February 2021","349","23","480","293","48","457","500","2525","15808","322365"
"EveOnline","March 2021","347","22","515","302","48","485","500","2427","16974","383169"
"EveOnline","April 2021","387","19","543","299","43","500","500","2363","13716","390471"
"EveOnline","May 2021","345","22","579","265","43","492","500","3050","16370","430581"
"EveOnline","June 2021","400","17","426","341","47","453","500","3532","12783","306548"
"EveOnline","July 2021","419","16","519","283","34","500","500","4253","12083","386266"
"EveOnline","August 2021","398","18","610","273","41","500","500","4591","13733","453619"
"EveOnline","September 2021","380","19","856","214","43","500","280","22059","13801","615789"
"EveOnline","October 2021","375","18","505","294","38","500","500","6866","13806","375328"
"EveOnline","November 2021","360","19","731","215","44","477","500","9069","14245","526037"
"EveOnline","December 2021","373","18","558","261","61","359","256","33139","13721","415200"
"EveOnline","January 2022","380","19","601","265","50","430","500","9070","14326","446762"
"EveOnline","February 2022","388","16","504","268","36","500","500","2598","11167","338350"
"EveOnline","March 2022","351","17","498","264","54","371","500","5267","13081","370115"
"EveOnline","April 2022","378","16","474","298","39","494","500","6704","12206","341125"
"EveOnline","May 2022","388","16","640","240","34","500","500","6715","12440","475568"
"EveOnline","June 2022","429","14","477","294","36","500","500","3566","10665","343379"
"EveOnline","July 2022","447","14","513","278","32","500","500","6302","10802","381608"
"EveOnline","August 2022","442","13","538","277","35","500","500","5833","10297","399925"
"EveOnline","September 2022","467","13","429","316","31","500","500","5762","9415","308536"
"EveOnline","October 2022","444","14","385","337","32","500","500","3354","10599","286239"
"EveOnline","November 2022","390","15","706","219","38","500","500","8713","11209","508064"
"EveOnline","December 2022","381","15","501","271","33","500","500","11959","11555","372456"
"EveOnline","January 2023","466","14","410","345","32","500","500","4543","10442","304641"
"EveOnline","February 2023","466","13","333","358","41","500","500","1546","8980","223654"
"EveOnline","March 2023","401","15","464","292","39","500","500","3771","11886","345452"
"EveOnline","April 2023","407","17","471","318","41","500","500","6430","12626","338921"
"EveOnline","May 2023","371","18","510","284","64","351","303","23247","13850","379259"
"EveOnline","June 2023","397","15","395","310","38","500","500","4204","11258","284654"
"EveOnline","July 2023","456","14","421","320","32","500","500","3783","10731","312854"
"EveOnline","August 2023","419","15","651","232","35","500","500","10771","11491","484407"
"Final Fantasy XIV","August 2015","112","14","64","340","51","111","102","29129","10639","47573"
"Final Fantasy XIV","September 2015","138","11","32","425","35","139","375","3362","7922","23332"
"Final Fantasy XIV","October 2015","159","8","26","500","31","176","368","4207","6436","19391"
"Final Fantasy XIV","November 2015","169","8","40","345","26","208","191","7196","5756","29413"
"Final Fantasy XIV","December 2015","189","6","26","500","20","237","410","3851","5131","19884"
"Final Fantasy XIV","January 2016","187","8","16","500","26","215","500","110","5946","12232"
"Final Fantasy XIV","February 2016","216","6","30","500","22","240","384","4028","4398","21442"
"Final Fantasy XIV","March 2016","217","5","19","500","19","265","480","2588","4280","14521"
"Final Fantasy XIV","April 2016","243","5","24","500","20","265","500","2239","3923","17480"
"Final Fantasy XIV","May 2016","217","6","34","483","20","267","465","3056","4602","25262"
"Final Fantasy XIV","June 2016","291","4","26","500","15","346","493","2685","3020","18752"
"Final Fantasy XIV","July 2016","365","2","8","500","12","405","500","446","2180","6437"
"Final Fantasy XIV","August 2016","326","3","11","500","16","334","500","606","2714","8690"
"Final Fantasy XIV","September 2016","266","4","16","500","18","303","500","464","3470","11980"
"Final Fantasy XIV","October 2016","250","5","13","500","18","304","500","224","4022","9752"
"Final Fantasy XIV","November 2016","267","4","14","500","20","284","500","168","3524","10550"
"Final Fantasy XIV","December 2016","313","3","11","500","17","313","500","433","2748","8775"
"Final Fantasy XIV","January 2017","289","4","18","500","16","370","500","620","3701","13382"
"Final Fantasy XIV","February 2017","308","4","18","500","16","358","500","762","3343","12217"
"Final Fantasy XIV","March 2017","303","4","52","399","20","302","500","785","3495","38768"
"Final Fantasy XIV","April 2017","325","4","10","500","14","401","500","135","2947","7656"
"Final Fantasy XIV","May 2017","76","37","718","86","189","50","50","35091","28073","533590"
"Final Fantasy XIV","June 2017","17","224","4042","28","1396","8","68","30609","161306","2906605"
"Final Fantasy XIV","July 2017","20","211","2828","36","766","15","184","36847","156870","2101756"
"Final Fantasy XIV","August 2017","24","150","1289","60","602","22","378","4883","112170","958027"
"Final Fantasy XIV","September 2017","32","111","1132","55","421","25","223","12362","80248","814506"
"Final Fantasy XIV","October 2017","33","115","1872","47","441","28","100","17962","85820","1390912"
"Final Fantasy XIV","November 2017","34","107","1243","61","328","30","337","5820","77544","894367"
"Final Fantasy XIV","December 2017","39","98","829","93","284","33","217","11481","73167","616258"
"Final Fantasy XIV","January 2018","41","119","1228","67","637","19","273","19638","88859","912536"
"Final Fantasy XIV","February 2018","29","176","1264","62","595","21","153","13500","118759","848351"
"Final Fantasy XIV","March 2018","34","147","1230","73","523","23","392","6121","109948","914409"
"Final Fantasy XIV","April 2018","34","136","1554","58","496","25","182","16064","97983","1117699"
"Final Fantasy XIV","May 2018","36","139","1395","71","520","28","156","16882","103695","1036690"
"Final Fantasy XIV","June 2018","27","177","2796","44","549","25","244","21284","127596","2010772"
"Final Fantasy XIV","July 2018","29","160","1348","80","499","21","299","13824","118993","1001756"
"Final Fantasy XIV","August 2018","39","119","1056","90","433","30","344","7477","88536","784925"
"Final Fantasy XIV","September 2018","30","175","1793","55","801","22","135","18785","126316","1289846"
"Final Fantasy XIV","October 2018","33","156","1305","79","610","23","500","5176","116031","969797"
"Final Fantasy XIV","November 2018","41","132","1609","67","534","32","28","88767","95303","1157182"
"Final Fantasy XIV","December 2018","44","139","1371","80","490","30","219","18836","103348","1018735"
"Final Fantasy XIV","January 2019","39","190","1963","66","628","31","437","9388","141456","1458603"
"Final Fantasy XIV","February 2019","29","203","3053","44","566","31","21","84888","136395","2048584"
"Final Fantasy XIV","March 2019","28","211","3224","43","534","30","16","132239","157226","2395613"
"Final Fantasy XIV","April 2019","27","224","2687","47","564","32","155","15815","161263","1932550"
"Final Fantasy XIV","May 2019","25","252","3897","40","554","30","22","90785","187296","2895998"
"Final Fantasy XIV","June 2019","21","351","5391","32","2439","11","158","62291","253068","3876535"
"Final Fantasy XIV","July 2019","17","453","6817","24","1833","12","102","23624","336957","5065732"
"Final Fantasy XIV","August 2019","17","418","4379","35","1707","14","91","27189","311020","3253671"
"Final Fantasy XIV","September 2019","27","230","2531","51","897","26","35","63045","165842","1819834"
"Final Fantasy XIV","October 2019","26","205","2243","54","973","21","56","34103","152916","1667171"
"Final Fantasy XIV","November 2019","26","295","5230","36","1150","21","72","34624","212298","3760497"
"Final Fantasy XIV","December 2019","28","252","2605","60","832","25","95","29622","187627","1935782"
"Final Fantasy XIV","January 2020","31","235","2195","68","739","28","495","9260","175048","1631144"
"Final Fantasy XIV","February 2020","22","376","4002","44","1586","14","60","35026","261416","2781625"
"Final Fantasy XIV","March 2020","27","323","2575","59","1144","29","338","11083","240505","1913929"
"Final Fantasy XIV","April 2020","31","333","2812","69","1062","26","137","32256","239858","2022378"
"Final Fantasy XIV","May 2020","29","374","3071","72","1059","25","374","11933","278327","2281787"
"Final Fantasy XIV","June 2020","29","323","3004","68","886","35","326","15257","232262","2160064"
"Final Fantasy XIV","July 2020","28","339","3157","72","920","35","88","41554","251952","2346316"
"Final Fantasy XIV","August 2020","27","450","4573","55","1521","23","409","19206","334905","3397969"
"Final Fantasy XIV","September 2020","30","419","4151","62","1032","38","146","30134","301407","2985005"
"Final Fantasy XIV","October 2020","32","353","3020","77","910","40","149","31580","262800","2244372"
"Final Fantasy XIV","November 2020","38","305","2539","89","765","41","140","36989","219617","1826227"
"Final Fantasy XIV","December 2020","29","586","4636","56","2459","24","211","29413","435487","3444967"
"Final Fantasy XIV","January 2021","31","496","3863","68","1711","30","454","16337","368697","2870817"
"Final Fantasy XIV","February 2021","32","508","5279","57","1585","30","32","149288","341041","3542519"
"Final Fantasy XIV","March 2021","32","453","4109","73","1361","34","180","32584","337230","3053416"
"Final Fantasy XIV","April 2021","33","469","4226","74","1742","29","233","31619","337502","3038611"
"Final Fantasy XIV","May 2021","29","500","6468","53","1396","31","34","144368","372115","4805991"
"Final Fantasy XIV","June 2021","27","537","7203","44","1269","33","142","42377","386524","5179185"
"Final Fantasy XIV","July 2021","25","752","34945","17","1872","21","20","222086","559449","25964155"
"Final Fantasy XIV","August 2021","21","865","26918","15","1854","24","42","121446","643241","20000785"
"Final Fantasy XIV","September 2021","25","720","14215","28","1678","30","26","134136","518106","10220943"
"Final Fantasy XIV","October 2021","29","623","10950","35","1460","32","177","36416","462891","8136478"
"Final Fantasy XIV","November 2021","30","592","12077","39","1389","30","55","87538","425994","8683780"
"Final Fantasy XIV","December 2021","18","1003","16720","25","5406","12","78","81651","745478","12423493"
"Final Fantasy XIV","January 2022","21","946","13992","29","3455","15","108","91966","702937","10396692"
"Final Fantasy XIV","February 2022","31","527","7045","50","2350","24","61","81301","353638","4727361"
"Final Fantasy XIV","March 2022","32","389","5005","59","1360","25","133","43910","289662","3719118"
"Final Fantasy XIV","April 2022","28","610","13106","29","2890","14","53","83654","439154","9423921"
"Final Fantasy XIV","May 2022","21","742","11780","31","2640","17","84","60804","551639","8752630"
"Final Fantasy XIV","June 2022","27","616","7621","49","1828","21","52","94670","443479","5480063"
"Final Fantasy XIV","July 2022","34","534","6795","48","1529","22","103","63461","397022","5048763"
"Final Fantasy XIV","August 2022","29","619","9077","41","3434","15","87","69343","460392","6744754"
"Final Fantasy XIV","September 2022","22","757","10836","35","3176","18","177","33430","544352","7791791"
"Final Fantasy XIV","October 2022","29","479","7872","39","1724","24","156","32778","356293","5849004"
"Final Fantasy XIV","November 2022","33","362","3861","65","1283","27","113","36917","260790","2776392"
"Final Fantasy XIV","December 2022","37","311","3937","69","875","39","186","40508","231138","2925797"
"Final Fantasy XIV","January 2023","29","534","13242","30","2153","20","53","88174","396901","9838958"
"Final Fantasy XIV","February 2023","31","583","7948","45","1909","27","212","27986","391351","5333498"
"Final Fantasy XIV","March 2023","34","494","5914","52","1495","29","164","38924","367702","4394222"
"Final Fantasy XIV","April 2023","33","440","4670","63","1300","33","362","16075","316368","3358090"
"Final Fantasy XIV","May 2023","30","478","6651","53","2947","17","65","66154","355279","4942269"
"Final Fantasy XIV","June 2023","29","600","5355","58","2701","17","243","23403","431903","3850263"
"Final Fantasy XIV","July 2023","35","394","5641","59","1366","25","17","150869","292789","4191293"
"Final Fantasy XIV","August 2023","36","391","4901","67","1131","36","379","20667","290542","3641465"
"League of Legends","August 2015","1","1470","128671","1","2113","1","2","796291","1092508","95602733"
"League of Legends","September 2015","1","1443","101642","1","2238","3","2","335969","1038070","73081006"
"League of Legends","October 2015","1","1386","154839","1","2212","3","1","1065464","1029818","115046116"
"League of Legends","November 2015","2","1369","103556","1","2532","2","3","391982","984881","74457441"
"League of Legends","December 2015","1","1490","100385","1","2430","1","1","316920","1107750","74586613"
"League of Legends","January 2016","1","1833","127021","1","2903","2","1","530270","1362044","94377226"
"League of Legends","February 2016","2","1822","134035","1","2712","2","1","475784","1266715","93154772"
"League of Legends","March 2016","1","1701","127206","1","2585","3","2","599114","1264029","94514511"
"League of Legends","April 2016","1","1692","122933","1","2945","3","2","553165","1217250","88389049"
"League of Legends","May 2016","1","1609","108585","1","2635","3","2","433005","1196096","80679320"
"League of Legends","June 2016","2","1442","113141","1","2131","3","3","346059","1037242","81348505"
"League of Legends","July 2016","1","1351","104807","1","2089","3","2","296196","1004238","77871713"
"League of Legends","August 2016","1","1476","109939","1","2177","3","2","502181","1097258","81684707"
"League of Legends","September 2016","1","1512","112746","1","2493","4","1","711103","1087244","81064642"
"League of Legends","October 2016","1","1555","140383","1","2591","1","1","952308","1155966","104305242"
"League of Legends","November 2016","1","1568","106718","1","2903","3","2","263539","1127714","76730765"
"League of Legends","December 2016","2","1671","109487","1","2562","3","2","323032","1241696","81349398"
"League of Legends","January 2017","1","1834","133690","1","2868","3","2","379399","1363324","99332369"
"League of Legends","February 2017","1","1801","148160","1","2770","2","2","386334","1209135","99415477"
"League of Legends","March 2017","1","1601","122254","1","2465","3","2","325835","1189566","90835130"
"League of Legends","April 2017","1","1640","115233","1","2540","3","2","489683","1179314","82852693"
"League of Legends","May 2017","1","1657","118343","1","2498","3","1","647413","1231374","87929525"
"League of Legends","June 2017","2","1598","117478","1","2330","4","5","280837","1149523","84467396"
"League of Legends","July 2017","2","1751","114044","1","2481","3","2","326063","1301262","84734733"
"League of Legends","August 2017","2","1696","96978","2","2668","3","3","343402","1260651","72054710"
"League of Legends","September 2017","3","1709","103507","1","2620","4","1","377429","1229324","74422199"
"League of Legends","October 2017","2","1779","127429","1","2848","3","1","873340","1322094","94680105"
"League of Legends","November 2017","2","1867","115323","1","2869","3","1","1084257","1342443","82917485"
"League of Legends","December 2017","3","1865","92539","1","3235","4","2","324792","1385791","68756773"
"League of Legends","January 2018","3","2388","119818","1","4809","3","3","435859","1774648","89024896"
"League of Legends","February 2018","3","2333","120888","1","3531","3","3","305040","1565610","81115898"
"League of Legends","March 2018","3","2139","119542","2","3212","4","4","362400","1589810","88820363"
"League of Legends","April 2018","3","2030","103286","2","3849","4","2","476710","1459786","74263170"
"League of Legends","May 2018","3","1941","110482","2","2820","5","2","504394","1442403","82088339"
"League of Legends","June 2018","3","1845","100822","2","3310","3","7","241343","1327229","72491544"
"League of Legends","July 2018","3","1834","101996","2","2772","3","7","229347","1363386","75783584"
"League of Legends","August 2018","2","1986","109488","2","2773","7","2","1029879","1475806","81349939"
"League of Legends","September 2018","2","2104","106472","2","3123","6","4","412412","1513086","76553910"
"League of Legends","October 2018","3","2197","146960","2","3439","6","1","911568","1632742","109191567"
"League of Legends","November 2018","2","2314","114913","2","4981","3","1","1147825","1664025","82622624"
"League of Legends","December 2018","2","2372","97005","2","3480","4","3","341821","1762468","72074851"
"League of Legends","January 2019","2","3022","133211","2","6079","3","3","400257","2245379","98976171"
"League of Legends","February 2019","3","2651","141566","2","4518","4","4","387330","1779043","94991296"
"League of Legends","March 2019","3","2646","146004","1","3947","4","3","369522","1966064","108481064"
"League of Legends","April 2019","3","2752","128550","2","4008","4","1","548157","1978924","92428052"
"League of Legends","May 2019","2","2853","138416","2","4081","2","1","816163","2119997","102843574"
"League of Legends","June 2019","2","2757","124000","2","3915","3","5","318559","1982483","89156672"
"League of Legends","July 2019","2","2427","91804","3","3413","3","5","280370","1803517","68210459"
"League of Legends","August 2019","2","2661","115874","2","5256","3","4","455329","1977780","86094493"
"League of Legends","September 2019","3","2750","107898","2","4454","5","2","650591","1977556","77579176"
"League of Legends","October 2019","2","2967","169123","1","5944","5","2","1100440","2204626","125658644"
"League of Legends","November 2019","2","2957","132735","1","4512","3","1","1782765","2126093","95436703"
"League of Legends","December 2019","2","3098","105759","2","6392","2","8","223571","2302186","78579242"
"League of Legends","January 2020","2","3974","134129","1","8083","2","5","349964","2953365","99657869"
"League of Legends","February 2020","2","3668","175015","1","7253","3","2","412216","2549292","121635889"
"League of Legends","March 2020","3","4122","166352","1","8390","3","3","421581","3062720","123599885"
"League of Legends","April 2020","4","4814","188956","3","8802","5","3","727437","3461495","135859472"
"League of Legends","May 2020","4","4734","171868","3","8347","4","5","504630","3517695","127698472"
"League of Legends","June 2020","4","4168","199291","2","7519","5","5","556963","2997392","143290296"
"League of Legends","July 2020","4","4372","181861","2","7246","4","3","494759","3248650","135123272"
"League of Legends","August 2020","3","4375","191859","2","7440","4","4","707347","3250969","142551572"
"League of Legends","September 2020","3","4415","187772","3","6737","7","2","794857","3174675","135008222"
"League of Legends","October 2020","3","4531","230973","2","8520","6","1","2020835","3367157","171613067"
"League of Legends","November 2020","3","4718","168407","2","8877","9","9","345045","3392709","121085351"
"League of Legends","December 2020","3","4437","129761","3","7979","7","12","318449","3297197","96413165"
"League of Legends","January 2021","3","5860","229854","3","11606","3","6","689503","4354400","170781975"
"League of Legends","February 2021","4","5463","223876","2","9706","6","3","723964","3665750","150221076"
"League of Legends","March 2021","4","5069","201596","3","9258","5","2","857475","3766997","149786518"
"League of Legends","April 2021","5","4996","218350","3","8343","6","4","938847","3592720","156994170"
"League of Legends","May 2021","5","4732","234202","3","7731","9","2","1261107","3516137","174012672"
"League of Legends","June 2021","7","4247","205277","3","6455","10","3","710542","3053763","147594315"
"League of Legends","July 2021","7","3985","180839","3","6029","10","7","534048","2961094","134363514"
"League of Legends","August 2021","6","3989","185912","3","5628","8","2","954507","2964379","138132735"
"League of Legends","September 2021","5","3788","149383","3","5560","11","8","649344","2723708","107406590"
"League of Legends","October 2021","7","3351","280719","2","5375","8","1","2435596","2489811","208574800"
"League of Legends","November 2021","5","3366","142715","3","5296","10","1","3087270","2420283","102612188"
"League of Legends","December 2021","5","3318","128103","4","5291","13","6","591381","2465988","95180552"
"League of Legends","January 2022","5","4533","248024","2","8924","3","7","669460","3368623","184282005"
"League of Legends","February 2022","6","3785","200717","3","6195","10","7","642461","2540382","134681108"
"League of Legends","March 2022","7","3332","186490","2","5036","10","3","684463","2475818","138562317"
"League of Legends","April 2022","6","3507","180413","2","5044","9","3","1051564","2521545","129717062"
"League of Legends","May 2022","6","3411","214655","2","5157","7","2","1385974","2534691","159489005"
"League of Legends","June 2022","6","3106","165064","2","4476","11","6","487688","2233256","118681394"
"League of Legends","July 2022","6","3078","163239","2","4541","10","5","546382","2287292","121287274"
"League of Legends","August 2022","7","2994","179386","2","7219","7","3","854400","2224676","133284504"
"League of Legends","September 2022","6","2994","159303","3","4447","14","2","1026764","2152783","114539360"
"League of Legends","October 2022","7","2740","214867","2","4506","11","1","1594928","2036314","159646745"
"League of Legends","November 2022","9","2575","128852","3","4184","15","1","3145012","1851622","92645258"
"League of Legends","December 2022","9","2321","94055","4","5404","8","14","232769","1725112","69883580"
"League of Legends","January 2023","7","3181","170247","2","6356","5","5","640837","2363972","126494155"
"League of Legends","February 2023","8","2994","168252","2","5544","11","8","621379","2009279","112897378"
"League of Legends","March 2023","7","2966","165663","2","4736","11","7","565937","2204299","123088070"
"League of Legends","April 2023","7","3078","148915","3","4453","12","2","590729","2213492","107070100"
"League of Legends","May 2023","7","2947","168867","2","5141","9","3","941712","2189984","125468867"
"League of Legends","June 2023","9","2683","132672","3","3855","14","7","433090","1929571","95391662"
"League of Legends","July 2023","8","2884","147689","3","5149","8","5","451932","2143284","109733623"
"League of Legends","August 2023","8","2846","126801","4","4051","13","7","468659","2114952","94213289"
"World of Warcraft","August 2015","7","409","11538","6","1005","11","4","346511","304183","8572743"
"World of Warcraft","September 2015","8","346","7469","12","860","10","27","41532","249405","5370424"
"World of Warcraft","October 2015","8","328","6597","12","898","9","21","48486","244057","4902272"
"World of Warcraft","November 2015","7","362","13283","7","974","9","10","93611","260547","9550555"
"World of Warcraft","December 2015","7","435","15293","6","1101","7","15","57570","323872","11362961"
"World of Warcraft","January 2016","8","461","11805","7","1180","9","155","46130","342978","8771452"
"World of Warcraft","February 2016","8","416","9108","10","1179","7","57","29872","289330","6330745"
"World of Warcraft","March 2016","9","397","9250","9","1078","7","28","45853","295301","6873120"
"World of Warcraft","April 2016","10","394","10675","7","1011","11","16","55342","283609","7675362"
"World of Warcraft","May 2016","11","373","11483","7","1008","9","12","57379","277450","8532283"
"World of Warcraft","June 2016","8","397","10686","9","928","10","22","43534","285629","7683385"
"World of Warcraft","July 2016","9","410","13401","8","870","8","163","73797","304908","9957230"
"World of Warcraft","August 2016","6","644","27170","5","4567","2","3","227428","478771","20187726"
"World of Warcraft","September 2016","4","1000","38322","4","3452","2","7","111546","719139","27553668"
"World of Warcraft","October 2016","4","804","25329","5","2324","3","7","105419","597772","18819570"
"World of Warcraft","November 2016","5","694","20925","6","1926","5","8","89235","499425","15045660"
"World of Warcraft","December 2016","6","613","16285","7","1678","6","19","52035","455806","12099784"
"World of Warcraft","January 2017","5","736","17322","7","2634","4","177","45003","547096","12870858"
"World of Warcraft","February 2017","5","710","17158","8","1879","6","46","36882","476595","11513629"
"World of Warcraft","March 2017","6","614","12272","9","1606","6","50","29497","456697","9118258"
"World of Warcraft","April 2017","6","607","12734","9","1524","7","39","39841","436828","9155878"
"World of Warcraft","May 2017","6","572","11008","10","1551","7","54","30738","425025","8179253"
"World of Warcraft","June 2017","6","630","14237","10","2504","3","23","50661","453104","10237012"
"World of Warcraft","July 2017","6","684","15018","9","1860","5","149","50871","508288","11158771"
"World of Warcraft","August 2017","5","607","12564","10","1565","6","28","51350","451582","9335595"
"World of Warcraft","September 2017","6","646","15997","9","1677","7","15","66513","465017","11502481"
"World of Warcraft","October 2017","7","623","13189","12","1722","6","20","79204","463056","9800138"
"World of Warcraft","November 2017","7","747","24600","10","3142","1","10","114050","537709","17687599"
"World of Warcraft","December 2017","6","846","19060","9","2497","5","25","54073","628940","14161787"
"World of Warcraft","January 2018","6","853","16323","12","2219","6","93","111552","633951","12127995"
"World of Warcraft","February 2018","6","933","22631","9","2268","6","14","85439","626222","15185590"
"World of Warcraft","March 2018","7","845","15213","10","2139","9","24","56918","628242","11303385"
"World of Warcraft","April 2018","6","815","17190","10","2054","7","14","93738","586630","12359684"
"World of Warcraft","May 2018","6","761","17834","9","2032","6","25","70073","565591","13250690"
"World of Warcraft","June 2018","8","700","16698","12","1687","10","36","138109","503814","12006116"
"World of Warcraft","July 2018","8","839","29620","9","1843","5","13","128223","624059","22008322"
"World of Warcraft","August 2018","3","1916","75626","4","15619","2","5","590245","1424162","56190633"
"World of Warcraft","September 2018","3","1827","65635","4","6322","3","5","308114","1314172","47191970"
"World of Warcraft","October 2018","5","1210","34325","6","3543","5","14","110915","899771","25504161"
"World of Warcraft","November 2018","8","933","26968","9","2629","6","5","266514","670937","19390576"
"World of Warcraft","December 2018","9","779","18460","14","2291","10","29","63603","579218","13715833"
"World of Warcraft","January 2019","9","946","24467","10","3736","7","47","156889","703606","18179362"
"World of Warcraft","February 2019","9","1012","32355","8","2747","7","8","211037","679217","21710870"
"World of Warcraft","March 2019","11","959","19605","12","2527","8","25","83100","712719","14566760"
"World of Warcraft","April 2019","11","878","24067","11","2475","6","15","99545","631891","17304829"
"World of Warcraft","May 2019","11","959","54799","6","2812","4","7","207693","713266","40716238"
"World of Warcraft","June 2019","12","901","43596","6","2236","12","8","210299","647822","31345561"
"World of Warcraft","July 2019","13","948","49720","8","3039","4","8","218084","704873","36942422"
"World of Warcraft","August 2019","3","2145","91379","4","19085","1","1","1103295","1594116","67894760"
"World of Warcraft","September 2019","2","3148","124925","1","7890","2","4","376038","2264059","89821179"
"World of Warcraft","October 2019","4","1675","48511","6","4003","6","12","139148","1244625","36044063"
"World of Warcraft","November 2019","6","1320","37342","9","3684","5","14","163200","949764","26848994"
"World of Warcraft","December 2019","7","1102","27185","9","2933","7","19","83895","819153","20198621"
"World of Warcraft","January 2020","8","1266","37097","8","4077","3","27","167799","940687","27563181"
"World of Warcraft","February 2020","7","1452","45670","8","4240","4","4","293197","1009217","31740780"
"World of Warcraft","March 2020","9","1475","27371","13","4060","8","31","73509","1096231","20337340"
"World of Warcraft","April 2020","10","1844","45915","10","4515","9","19","150840","1326196","33013013"
"World of Warcraft","May 2020","10","1882","49397","11","4731","12","22","123076","1398699","36702327"
"World of Warcraft","June 2020","11","1557","45063","11","4178","13","19","137907","1119802","32400568"
"World of Warcraft","July 2020","10","1614","47434","10","3821","9","12","247146","1199477","35243547"
"World of Warcraft","August 2020","11","1652","40715","12","4059","9","27","125034","1227978","30251347"
"World of Warcraft","September 2020","11","1498","39405","12","3889","12","32","114189","1077759","28332755"
"World of Warcraft","October 2020","14","1509","44992","13","3721","13","20","210166","1121230","33429794"
"World of Warcraft","November 2020","10","2376","76034","7","25791","1","2","933430","1708742","54668977"
"World of Warcraft","December 2020","9","3154","121403","4","11273","4","8","411898","2343848","90202480"
"World of Warcraft","January 2021","10","2566","60185","12","6800","10","35","146763","1906856","44718092"
"World of Warcraft","February 2021","12","2097","43820","15","6206","9","35","143476","1407371","29403463"
"World of Warcraft","March 2021","11","1893","46027","12","5486","10","22","200606","1406577","34198319"
"World of Warcraft","April 2021","13","1633","40244","12","4963","11","27","157874","1174589","28935795"
"World of Warcraft","May 2021","14","1512","46190","14","4476","13","33","144989","1124116","34319608"
"World of Warcraft","June 2021","11","1841","73458","10","8423","6","7","434559","1323880","52816476"
"World of Warcraft","July 2021","12","1645","63945","9","5801","11","15","315079","1222339","47511323"
"World of Warcraft","August 2021","12","1320","26577","16","3948","13","134","59009","981434","19746958"
"World of Warcraft","September 2021","13","1262","23727","19","4539","15","38","97771","907968","17060029"
"World of Warcraft","October 2021","17","988","16770","25","3237","16","129","45051","734448","12460845"
"World of Warcraft","November 2021","15","1101","28809","16","3555","18","32","122036","791707","20714195"
"World of Warcraft","December 2021","16","1046","30112","15","3177","16","89","76285","777745","22373247"
"World of Warcraft","January 2022","17","1059","30462","19","3400","16","35","129626","787304","22633405"
"World of Warcraft","February 2022","20","1042","24904","23","3271","19","34","132968","699403","16710842"
"World of Warcraft","March 2022","15","1286","75241","9","4420","11","14","284679","955532","55904658"
"World of Warcraft","April 2022","13","1215","35248","16","3335","12","7","514105","873742","25343860"
"World of Warcraft","May 2022","13","1175","30198","13","3589","11","25","129241","873079","22437537"
"World of Warcraft","June 2022","14","1059","27247","18","3036","15","32","122452","762022","19591211"
"World of Warcraft","July 2022","17","934","30170","16","2545","17","20","170747","694490","22417006"
"World of Warcraft","August 2022","14","1083","34544","13","2950","17","37","123167","804784","25666800"
"World of Warcraft","September 2022","12","1463","62988","9","7095","7","12","388768","1052474","45288384"
"World of Warcraft","October 2022","16","1229","44619","10","3166","15","19","146514","913813","33151997"
"World of Warcraft","November 2022","16","1258","60330","9","12297","3","5","800359","904646","43377335"
"World of Warcraft","December 2022","12","1607","101007","3","4857","12","8","308544","1194229","75048722"
"World of Warcraft","January 2023","14","1503","46242","13","4704","11","33","106922","1117171","34357942"
"World of Warcraft","February 2023","14","1334","37812","13","3829","16","29","126916","895263","25372324"
"World of Warcraft","March 2023","17","1148","29914","14","3229","14","33","95917","853150","22226550"
"World of Warcraft","April 2023","17","1153","32895","11","2952","20","23","125509","829251","23651679"
"World of Warcraft","May 2023","13","1510","71582","7","4772","11","11","319816","1122269","53185999"
"World of Warcraft","June 2023","17","1000","26976","18","2968","16","73","60750","719231","19396410"
"World of Warcraft","July 2023","20","942","28890","16","2581","14","29","93232","700026","21465454"
"World of Warcraft","August 2023","21","985","37687","12","3159","19","28","179973","732389","28002057"
"MineCraft","August 2015","4","784","9959","8","1359","5","12","150904","583155","7400134"
"MineCraft","September 2015","5","559","7364","13","1322","5","53","33543","402118","5295039"
"MineCraft","October 2015","4","526","8122","8","1216","7","15","56948","391029","6035121"
"MineCraft","November 2015","6","453","8334","11","1060","8","18","46412","325818","5992762"
"MineCraft","December 2015","5","581","13917","7","1332","6","12","74158","432184","10341058"
"MineCraft","January 2016","5","659","13769","6","1538","7","151","64432","490002","10231056"
"MineCraft","February 2016","5","633","12899","6","1441","6","14","68098","440549","8965231"
"MineCraft","March 2016","6","603","13500","7","1438","6","14","90527","448411","10030905"
"MineCraft","April 2016","7","578","10577","8","1398","7","14","61290","416176","7605339"
"MineCraft","May 2016","6","547","9217","9","1215","8","26","41069","407008","6848639"
"MineCraft","June 2016","6","613","10199","10","1208","7","18","54277","440946","7333796"
"MineCraft","July 2016","7","598","10198","9","1056","7","181","47731","444318","7577550"
"MineCraft","August 2016","8","541","7902","12","1003","10","34","36111","402260","5871886"
"MineCraft","September 2016","8","389","6076","13","951","10","26","32506","280169","4368646"
"MineCraft","October 2016","8","387","6116","12","884","15","28","39662","288039","4544535"
"MineCraft","November 2016","9","395","10579","10","943","11","11","82474","284458","7606529"
"MineCraft","December 2016","9","435","10772","9","944","9","11","72870","323333","8004324"
"MineCraft","January 2017","9","485","13532","9","1134","9","157","91193","360769","10054852"
"MineCraft","February 2017","10","442","9509","14","957","14","7","104992","296730","6380643"
"MineCraft","March 2017","10","376","7569","17","925","16","34","39172","279486","5623943"
"MineCraft","April 2017","11","366","9052","13","790","14","16","55946","263337","6508772"
"MineCraft","May 2017","13","346","8616","14","776","14","17","62008","257749","6402031"
"MineCraft","June 2017","12","398","7247","17","711","15","30","44423","286168","5211026"
"MineCraft","July 2017","9","457","7322","11","769","14","193","34758","339711","5440282"
"MineCraft","August 2017","10","407","6581","12","724","15","35","45352","302885","4890416"
"MineCraft","September 2017","11","311","5592","19","684","16","20","51860","224026","4021099"
"MineCraft","October 2017","15","295","5771","23","622","22","47","38970","219293","4288002"
"MineCraft","November 2017","14","293","8725","14","654","18","19","63658","210939","6273574"
"MineCraft","December 2017","15","309","5845","20","667","18","28","50986","230126","4343532"
"MineCraft","January 2018","13","346","5381","30","681","17","200","34987","257452","3998724"
"MineCraft","February 2018","14","324","4970","26","638","19","58","32807","217642","3334973"
"MineCraft","March 2018","14","302","4881","27","596","20","73","30679","224520","3626808"
"MineCraft","April 2018","16","306","5551","25","608","20","117","26687","220230","3991870"
"MineCraft","May 2018","15","287","4137","32","544","27","165","16149","213467","3074493"
"MineCraft","June 2018","16","325","4283","35","552","24","211","27186","234185","3079644"
"MineCraft","July 2018","14","388","6989","17","687","15","28","48864","288429","5193371"
"MineCraft","August 2018","15","411","7181","21","877","20","54","44143","306035","5336083"
"MineCraft","September 2018","19","339","5616","30","682","26","21","65539","243973","4038129"
"MineCraft","October 2018","17","329","5926","27","649","22","81","35072","245127","4403349"
"MineCraft","November 2018","18","340","5789","34","744","27","52","44783","245158","4162500"
"MineCraft","December 2018","18","399","8610","25","769","24","89","35755","296581","6397637"
"MineCraft","January 2019","15","536","14573","18","1008","22","144","61475","398412","10827913"
"MineCraft","February 2019","16","495","9339","21","933","23","22","82949","332266","6267012"
"MineCraft","March 2019","16","527","7310","27","1013","21","41","38962","391789","5431901"
"MineCraft","April 2019","13","597","8549","21","1222","19","51","36014","429837","6147358"
"MineCraft","May 2019","12","768","12003","15","1467","13","26","75748","571032","8918471"
"MineCraft","June 2019","11","944","23746","13","1577","17","9","209184","679219","17073543"
"MineCraft","July 2019","4","1475","25209","12","2547","7","13","152011","1096565","18730470"
"MineCraft","August 2019","5","1751","44063","9","2979","5","12","233472","1301621","32739148"
"MineCraft","September 2019","5","1405","32808","8","2955","7","12","176485","1010450","23589113"
"MineCraft","October 2019","10","982","20275","12","2147","9","10","152441","729787","15065040"
"MineCraft","November 2019","11","858","21924","15","1797","12","16","136705","617092","15763839"
"MineCraft","December 2019","11","984","22777","13","1852","15","10","164241","731539","16923425"
"MineCraft","January 2020","11","1134","25178","12","2151","12","17","181623","842914","18707737"
"MineCraft","February 2020","11","1147","24784","12","2207","11","12","128086","797537","17225482"
"MineCraft","March 2020","7","1573","30915","11","3744","10","10","225095","1168906","22970430"
"MineCraft","April 2020","7","2321","57201","9","4077","11","9","317297","1669376","41127736"
"MineCraft","May 2020","9","2398","55304","9","4034","14","6","481719","1782172","41091438"
"MineCraft","June 2020","7","2403","54072","10","4747","9","9","397172","1728072","38878256"
"MineCraft","July 2020","6","2800","71150","7","4437","7","5","443809","2081006","52864781"
"MineCraft","August 2020","8","2614","54322","9","4520","8","10","374683","1942298","40361660"
"MineCraft","September 2020","8","2154","54320","8","3771","14","7","431196","1549038","39056368"
"MineCraft","October 2020","10","2426","67023","9","4489","10","6","472079","1802763","49798217"
"MineCraft","November 2020","7","3102","106454","5","6133","12","4","591072","2231010","76540606"
"MineCraft","December 2020","5","3682","97096","5","7060","8","5","591932","2736322","72142619"
"MineCraft","January 2021","4","4834","107774","6","9892","4","4","931417","3591863","80076090"
"MineCraft","February 2021","5","5252","122824","5","9887","5","4","705038","3524597","82415310"
"MineCraft","March 2021","8","4601","118148","6","9524","3","5","710031","3419021","87784445"
"MineCraft","April 2021","8","4329","110888","7","8914","4","5","763078","3112654","79728626"
"MineCraft","May 2021","8","3807","103178","7","7760","8","6","973241","2829132","76661535"
"MineCraft","June 2021","8","3952","100647","6","7623","9","5","514710","2841782","72365696"
"MineCraft","July 2021","8","3794","72172","8","6323","8","1","903936","2819049","53624353"
"MineCraft","August 2021","7","3579","102214","7","6027","7","3","905543","2659710","75945145"
"MineCraft","September 2021","8","2948","106416","5","5700","10","4","803027","2120032","76513540"
"MineCraft","October 2021","9","2648","91009","7","4811","12","5","763520","1968173","67619774"
"MineCraft","November 2021","9","2459","77815","7","4923","12","7","604094","1768233","55949329"
"MineCraft","December 2021","7","2907","73573","7","6059","7","5","649098","2159925","54665157"
"MineCraft","January 2022","8","2908","81167","9","5310","11","1","2189881","2161237","60307178"
"MineCraft","February 2022","10","2600","50602","13","4469","13","6","662095","1745091","33954303"
"MineCraft","March 2022","11","2171","41503","14","4382","12","7","420147","1613715","30836960"
"MineCraft","April 2022","11","2191","38748","12","3928","11","9","421274","1575874","27860061"
"MineCraft","May 2022","10","1889","32982","12","3500","12","8","413359","1403995","24505796"
"MineCraft","June 2022","9","2177","55609","10","3623","13","3","1124877","1565791","39983135"
"MineCraft","July 2022","8","2835","72326","6","4520","11","3","775386","2106598","53738426"
"MineCraft","August 2022","8","2902","123861","5","6347","10","4","813879","2156558","92029077"
"MineCraft","September 2022","9","2176","87206","5","4085","15","6","609250","1564840","62701361"
"MineCraft","October 2022","11","1835","58643","9","3537","14","9","603830","1363609","43572213"
"MineCraft","November 2022","12","1772","61595","8","3663","16","12","358027","1274540","44286836"
"MineCraft","December 2022","11","1761","45731","10","4347","15","7","323874","1308601","33978183"
"MineCraft","January 2023","9","2343","98079","6","4833","9","4","684097","1741344","72872812"
"MineCraft","February 2023","10","2321","60275","8","4820","13","1","1702513","1558034","40445071"
"MineCraft","March 2023","9","2091","74955","6","4140","12","1","1621931","1553855","55692185"
"MineCraft","April 2023","9","2281","92347","6","4124","14","5","510301","1640144","66397678"
"MineCraft","May 2023","9","2027","81048","6","3644","14","8","360750","1506114","60219381"
"MineCraft","June 2023","10","2414","55185","8","3885","13","13","301721","1736047","39678726"
"MineCraft","July 2023","9","2591","52985","9","4008","11","13","233850","1925411","39368079"
"MineCraft","August 2023","9","2454","59035","8","3944","14","9","405622","1823507","43863287"
