Game,Month,Average Concurrent Viewers,Peak Concurrent Viewers,Average Concurrent Streams,Peak Concurrent Streams,Hours Watched
RuneScape,09/2023,572,3.0K,37,74,109K
RuneScape,08/2023,1.7K,14.0K,49,239,1.25M
RuneScape,07/2023,538,2.2K,36,70,398K
RuneScape,06/2023,510,4.2K,34,65,366K
RuneScape,05/2023,540,3.4K,35,70,401K
RuneScape,04/2023,672,3.1K,35,65,483K
RuneScape,03/2023,829,3.5K,35,70,610K
RuneScape,02/2023,780,6.2K,37,75,519K
RuneScape,01/2023,640,3.5K,39,79,473K
RuneScape,12/2022,530,10.6K,34,67,393K
RuneScape,11/2022,534,3.8K,34,77,384K
RuneScape,10/2022,706,3.5K,39,81,482K
RuneScape,09/2022,764,5.3K,41,126,545K
RuneScape,08/2022,806,5.9K,42,82,600K
RuneScape,07/2022,1.0K,10.2K,45,149,764K
RuneScape,06/2022,775,5.6K,42,75,558K
RuneScape,05/2022,1.0K,3.6K,42,91,762K
RuneScape,04/2022,1.3K,5.0K,42,73,926K
RuneScape,03/2022,712,4.0K,39,73,522K
RuneScape,02/2022,662,3.1K,48,94,440K
RuneScape,01/2022,739,2.2K,51,101,548K
RuneScape,12/2021,689,2.4K,50,93,511K
RuneScape,11/2021,752,5.3K,46,94,539K
RuneScape,10/2021,815,11.2K,45,84,604K
RuneScape,09/2021,1.3K,9.6K,55,100,909K
RuneScape,08/2021,980,7.9K,58,115,727K
RuneScape,07/2021,976,7.1K,55,115,723K
RuneScape,06/2021,1.1K,6.4K,61,110,785K
RuneScape,05/2021,1.6K,6.6K,66,123,1.19M
RuneScape,04/2021,2.2K,10.4K,68,126,1.59M
RuneScape,03/2021,2.6K,13.7K,69,117,1.93M
RuneScape,02/2021,1.8K,12.0K,72,129,1.20M
RuneScape,01/2021,1.1K,6.0K,70,127,788K
RuneScape,12/2020,1.0K,8.2K,64,120,744K
RuneScape,11/2020,928,7.7K,69,149,667K
RuneScape,10/2020,1.1K,20.2K,72,142,826K
RuneScape,09/2020,904,6.0K,57,101,650K
RuneScape,08/2020,925,8.6K,60,110,687K
RuneScape,07/2020,964,7.2K,58,103,716K
RuneScape,06/2020,843,5.8K,58,96,605K
RuneScape,05/2020,986,7.1K,64,138,729K
RuneScape,04/2020,1.6K,8.8K,60,105,1.13M
RuneScape,03/2020,871,13.3K,48,155,647K
RuneScape,02/2020,682,6.7K,47,92,473K
RuneScape,01/2020,552,4.7K,42,76,409K
RuneScape,12/2019,479,4.3K,36,71,355K
RuneScape,11/2019,512,5.5K,36,69,355K
RuneScape,10/2019,758,26.6K,36,71,543K
RuneScape,09/2019,693,5.8K,35,77,498K
RuneScape,08/2019,1.0K,8.0K,40,74,759K
RuneScape,07/2019,834,9.0K,41,92,617K
RuneScape,06/2019,686,7.8K,42,87,493K
RuneScape,05/2019,1.0K,10.0K,45,80,751K
RuneScape,04/2019,1.1K,8.3K,46,81,773K
RuneScape,03/2019,775,6.2K,48,94,573K
RuneScape,02/2019,914,5.8K,52,134,607K
RuneScape,01/2019,903,8.2K,52,94,668K
RuneScape,12/2018,555,17.5K,43,85,410K
RuneScape,11/2018,536,5.1K,45,99,386K
RuneScape,10/2018,652,5.9K,44,84,483K
RuneScape,09/2018,642,6.1K,50,113,460K
RuneScape,08/2018,609,5.8K,57,137,452K
RuneScape,07/2018,5.4K,16.5K,138,235,3.96M
RuneScape,06/2018,9.9K,81.0K,156,258,7.12M
RuneScape,05/2018,6.1K,20.5K,154,252,4.56M
RuneScape,04/2018,5.1K,30.4K,152,237,3.64M
RuneScape,03/2018,7.3K,74.6K,160,267,5.46M
RuneScape,02/2018,6.1K,15.9K,162,282,4.12M
RuneScape,01/2018,6.3K,32.1K,162,276,4.68M
RuneScape,12/2017,6.6K,70.6K,142,241,4.92M
RuneScape,11/2017,5.5K,19.0K,124,198,3.95M
RuneScape,10/2017,5.5K,18.1K,128,204,4.12M
RuneScape,09/2017,7.3K,61.6K,125,217,5.24M
RuneScape,08/2017,6.1K,36.2K,119,199,4.51M
RuneScape,07/2017,6.8K,94.5K,131,219,5.06M
RuneScape,06/2017,9.3K,63.0K,126,197,6.72M
RuneScape,05/2017,6.5K,21.2K,127,211,4.72M
RuneScape,04/2017,6.9K,32.1K,126,211,4.95M
RuneScape,03/2017,8.5K,94.8K,121,219,6.34M
RuneScape,02/2017,6.8K,21.5K,123,230,4.59M
RuneScape,01/2017,9.7K,49.4K,124,214,7.17M
RuneScape,12/2016,7.8K,68.5K,106,214,5.77M
OldSchool RuneScape,09/2023,8.1K,21.4K,134,211,1.55M
OldSchool RuneScape,08/2023,11.0K,51.3K,141,256,8.12M
OldSchool RuneScape,07/2023,8.4K,41.3K,145,285,6.24M
OldSchool RuneScape,06/2023,7.0K,16.9K,133,228,5.01M
OldSchool RuneScape,05/2023,8.5K,22.0K,148,232,6.28M
OldSchool RuneScape,04/2023,8.2K,20.1K,155,264,5.86M
OldSchool RuneScape,03/2023,10.1K,25.4K,156,273,7.45M
OldSchool RuneScape,02/2023,8.8K,21.4K,158,283,5.87M
OldSchool RuneScape,01/2023,8.7K,30.4K,165,284,6.40M
OldSchool RuneScape,12/2022,6.7K,35.1K,138,250,5.01M
OldSchool RuneScape,11/2022,7.1K,32.4K,137,259,5.11M
OldSchool RuneScape,10/2022,7.5K,24.5K,141,255,5.19M
OldSchool RuneScape,09/2022,9.0K,43.6K,153,261,6.41M
OldSchool RuneScape,08/2022,10.0K,64.6K,166,306,7.45M
OldSchool RuneScape,07/2022,6.9K,24.3K,150,243,5.01M
OldSchool RuneScape,06/2022,6.7K,24.7K,134,225,4.82M
OldSchool RuneScape,05/2022,5.7K,26.3K,137,224,4.20M
OldSchool RuneScape,04/2022,4.9K,11.7K,138,223,3.53M
OldSchool RuneScape,03/2022,4.5K,11.3K,125,214,3.27M
OldSchool RuneScape,02/2022,5.9K,15.0K,153,293,3.93M
OldSchool RuneScape,01/2022,11.5K,56.8K,195,584,8.54M
OldSchool RuneScape,12/2021,6.3K,17.8K,139,233,4.66M
OldSchool RuneScape,11/2021,7.2K,29.5K,144,246,5.15M
OldSchool RuneScape,10/2021,10.7K,94.8K,168,424,7.99M
OldSchool RuneScape,09/2021,7.4K,96.1K,154,276,5.31M
OldSchool RuneScape,08/2021,8.9K,38.5K,154,248,6.60M
OldSchool RuneScape,07/2021,6.5K,27.2K,152,257,4.85M
OldSchool RuneScape,06/2021,6.7K,21.5K,153,250,4.79M
OldSchool RuneScape,05/2021,6.0K,18.3K,161,264,4.50M
OldSchool RuneScape,04/2021,6.2K,16.2K,172,272,4.43M
OldSchool RuneScape,03/2021,6.1K,35.6K,180,290,4.51M
OldSchool RuneScape,02/2021,6.5K,14.4K,180,300,4.34M
OldSchool RuneScape,01/2021,6.4K,27.0K,180,293,4.74M
OldSchool RuneScape,12/2020,5.3K,14.5K,164,282,3.96M
OldSchool RuneScape,11/2020,10.4K,50.1K,221,410,7.46M
OldSchool RuneScape,10/2020,9.5K,103K,203,628,7.09M
OldSchool RuneScape,09/2020,6.6K,15.9K,178,275,4.76M
OldSchool RuneScape,08/2020,6.1K,17.3K,182,303,4.51M
OldSchool RuneScape,07/2020,7.9K,19.8K,196,314,5.84M
OldSchool RuneScape,06/2020,8.5K,28.4K,196,346,6.12M
OldSchool RuneScape,05/2020,12.5K,89.3K,223,351,9.26M
OldSchool RuneScape,04/2020,10.3K,40.1K,211,328,7.34M
OldSchool RuneScape,03/2020,6.7K,22.6K,154,298,4.98M
OldSchool RuneScape,02/2020,6.4K,29.4K,137,226,4.42M
OldSchool RuneScape,01/2020,5.9K,15.3K,131,220,4.43M
OldSchool RuneScape,12/2019,4.9K,16.0K,115,193,3.66M
OldSchool RuneScape,11/2019,7.2K,41.2K,120,218,4.99M
OldSchool RuneScape,10/2019,4.7K,33.1K,111,186,3.35M
OldSchool RuneScape,09/2019,5.3K,27.3K,107,178,3.78M
OldSchool RuneScape,08/2019,5.8K,17.5K,125,215,4.33M
OldSchool RuneScape,07/2019,5.7K,23.5K,139,240,4.21M
OldSchool RuneScape,06/2019,6.1K,80.4K,140,243,4.37M
OldSchool RuneScape,05/2019,6.3K,41.9K,153,247,4.66M
OldSchool RuneScape,04/2019,7.7K,30.5K,160,272,5.55M
OldSchool RuneScape,03/2019,10.0K,77.4K,165,273,7.45M
OldSchool RuneScape,02/2019,9.7K,34.8K,167,283,6.50M
OldSchool RuneScape,01/2019,10.4K,42.2K,186,334,7.75M
OldSchool RuneScape,12/2018,8.9K,111K,154,249,6.65M
OldSchool RuneScape,11/2018,7.2K,66.4K,153,256,5.19M
OldSchool RuneScape,10/2018,6.3K,20.6K,127,210,4.70M
OldSchool RuneScape,09/2018,7.6K,106K,126,209,5.50M
OldSchool RuneScape,08/2018,6.2K,22.1K,133,217,4.57M
OldSchool RuneScape,07/2018,1.6K,16.4K,40,203,1.14M
OldSchool RuneScape,06/2018,90,1.4K,13,34,63.9K
OldSchool RuneScape,05/2018,23,5.3K,8,26,16.8K
OldSchool RuneScape,04/2018,20,158,7,20,13.5K
OldSchool RuneScape,03/2018,24,689,8,26,16.2K
OldSchool RuneScape,02/2018,19,218,7,24,11.4K
OldSchool RuneScape,01/2018,17,98,7,20,10.5K
OldSchool RuneScape,12/2017,11,291,4,12,5.6K
OldSchool RuneScape,11/2017,10,85,3,12,3.7K
OldSchool RuneScape,10/2017,8,504,3,12,2.6K
OldSchool RuneScape,09/2017,10,216,3,13,2.6K
OldSchool RuneScape,08/2017,9,220,2,9,2.1K
OldSchool RuneScape,07/2017,7,83,3,9,1.7K
OldSchool RuneScape,06/2017,6,66,2,9,1.6K
OldSchool RuneScape,05/2017,7,56,2,8,1.8K
OldSchool RuneScape,04/2017,8,60,2,9,1.9K
OldSchool RuneScape,03/2017,5,133,1,8,2.2K
OldSchool RuneScape,02/2017,6,25,2,8,1.1K
OldSchool RuneScape,01/2017,10,361,2,9,2.9K
OldSchool RuneScape,12/2016,8,44,3,8,957
Melvor Idle,09/2023,30,2.5K,1,3,5.0K
Melvor Idle,08/2023,1,266,1,3,1.1K
Melvor Idle,07/2023,2,15,1,3,564
Melvor Idle,06/2023,4,15,1,2,128
Melvor Idle,05/2023,1,5,1,1,23
Melvor Idle,04/2023,1,8,1,1,41
Melvor Idle,03/2023,6,58,1,2,525
Melvor Idle,02/2023,4,36,1,2,202
Melvor Idle,01/2023,2,13,1,2,119
Melvor Idle,12/2022,1,7,1,2,162
Melvor Idle,11/2022,9,304,1,3,893
Melvor Idle,10/2022,8,2.2K,1,5,5.4K
Melvor Idle,09/2022,4,58,1,3,1.1K
Melvor Idle,08/2022,3,15,1,2,258
Melvor Idle,07/2022,4,204,1,3,877
Melvor Idle,06/2022,3,70,1,2,376
Melvor Idle,05/2022,4,214,1,2,561
Melvor Idle,04/2022,3,46,1,4,240
Melvor Idle,03/2022,3,402,1,2,889
Melvor Idle,02/2022,1,11,1,2,66
Melvor Idle,01/2022,2,16,1,3,267
Melvor Idle,12/2021,10,273,1,3,1.4K
Melvor Idle,11/2021,3,52,1,3,681
Melvor Idle,10/2021,3,19,1,2,180
Melvor Idle,09/2021,4,22,1,1,87
Melvor Idle,08/2021,3,117,1,1,66
Melvor Idle,07/2021,4,78,1,4,1.5K
Melvor Idle,06/2021,6,110,1,5,2.1K
Melvor Idle,05/2021,1,6,1,1,23
Melvor Idle,04/2021,1,8,1,3,164
Melvor Idle,03/2021,2,19,1,3,673
Melvor Idle,02/2021,3,13,1,1,62
Melvor Idle,01/2021,2,11,1,2,186
Melvor Idle,12/2020,2,12,1,4,476
Melvor Idle,11/2020,24,330,1,2,1.4K
Space Punks,09/2023,3,6,1,1,10
Space Punks,08/2023,2,8,1,2,52
Space Punks,07/2023,2,11,1,2,113
Space Punks,06/2023,3,37,1,2,268
Space Punks,05/2023,2,28,1,2,156
Space Punks,04/2023,2,15,1,2,183
Space Punks,03/2023,3,34,1,5,444
Space Punks,02/2023,2,10,1,2,151
Space Punks,01/2023,2,31,1,5,468
Space Punks,12/2022,2,38,1,4,203
Space Punks,11/2022,10,162,1,2,1.2K
Space Punks,10/2022,2,21,1,3,250
Space Punks,09/2022,2,18,1,4,424
Space Punks,08/2022,3,123,1,4,883
Space Punks,07/2022,3,52,1,7,1.4K
Space Punks,06/2022,6,115,1,6,2.7K
Space Punks,05/2022,17,714,3,16,11.9K
Space Punks,04/2022,36,417,7,42,13.8K
Space Punks,03/2022,1,5,1,1,22
Space Punks,02/2022,6,26,1,2,79
Space Punks,01/2022,4,30,1,2,170
Space Punks,12/2021,89,2.4K,1,4,12.1K
Space Punks,11/2021,2,13,1,1,81
Space Punks,10/2021,6,35,1,2,386
Space Punks,09/2021,6,91,1,4,1.1K
Space Punks,08/2021,7,159,1,5,1.5K
Space Punks,07/2021,111,2.8K,3,22,35.5K
This Means Warp,09/2023,16,20,1,1,22
This Means Warp,08/2023,6,23,1,2,103
This Means Warp,07/2023,4,47,1,2,338
This Means Warp,06/2023,11,117,1,4,1.1K
This Means Warp,05/2023,67,1.5K,1,10,11.5K
This Means Warp,04/2023,43,591,1,3,1.6K
This Means Warp,03/2023,2,11,1,2,68
This Means Warp,02/2023,6,31,1,1,47
This Means Warp,01/2023,3,15,1,2,126
This Means Warp,12/2022,5,55,1,3,216
This Means Warp,11/2022,33,214,1,3,2.2K
This Means Warp,10/2022,199,3.6K,1,2,1.5K
This Means Warp,09/2022,35,1.0K,1,7,4.2K
This Means Warp,08/2022,98,2.3K,1,5,5.5K
This Means Warp,07/2022,5,53,1,4,275
This Means Warp,06/2022,7,71,1,3,428
This Means Warp,05/2022,285,9.0K,1,3,82.5K
This Means Warp,04/2022,12,219,1,5,2.3K
This Means Warp,03/2022,23,1.1K,1,11,5.4K
This Means Warp,02/2022,40,273,1,1,439
This Means Warp,01/2022,1,1,1,1,1
This Means Warp,12/2021,3,5,1,1,12
This Means Warp,11/2021,69,331,1,2,247
This Means Warp,10/2021,13,473,1,3,1.0K
This Means Warp,09/2021,22,307,1,3,169
This Means Warp,07/2021,3,19,1,4,199
This Means Warp,10/2020,3,3,1,1,3
This Means Warp,09/2020,2,2,1,1,2
Hell's Kitchen,09/2023,59,73,1,1,89
Hell's Kitchen,08/2023,231,567,1,1,1.7K
Hell's Kitchen,07/2023,155,760,1,2,2.2K
Hell's Kitchen,06/2023,1,5,1,1,8
Hell's Kitchen,05/2023,70,140,1,1,293
Hell's Kitchen,04/2023,4,5,1,1,6
Hell's Kitchen,03/2023,1,3,1,1,21
Hell's Kitchen,02/2023,6,19,1,2,56
Hell's Kitchen,01/2023,2,15,1,1,39
Hell's Kitchen,12/2022,2,4,1,1,4
Hell's Kitchen,11/2022,2,5,1,1,3
Hell's Kitchen,10/2022,1,2,1,1,2
Hell's Kitchen,09/2022,1,4,1,1,6
Hell's Kitchen,08/2022,7,15,1,1,41
Hell's Kitchen,07/2022,26,74,1,1,324
Hell's Kitchen,06/2022,7,15,1,1,47
Hell's Kitchen,05/2022,3,5,1,1,4
Hell's Kitchen,04/2022,4,10,1,1,26
Hell's Kitchen,03/2022,2,9,1,1,60
Hell's Kitchen,02/2022,13,57,1,1,51
Hell's Kitchen,01/2022,8,28,1,1,72
Hell's Kitchen,12/2021,17,85,1,1,143
Hell's Kitchen,10/2021,13,36,1,1,56
Hell's Kitchen,09/2021,27,39,1,1,215
Hell's Kitchen,08/2021,27,55,1,1,39
Hell's Kitchen,07/2021,19,26,1,1,41
Hell's Kitchen,06/2021,578,1.3K,1,1,1.9K
Hell's Kitchen,05/2021,2,14,1,1,16
Hell's Kitchen,04/2021,5,16,1,1,30
Hell's Kitchen,03/2021,74,529,1,1,716
Hell's Kitchen,02/2021,5,9,1,1,6
Hell's Kitchen,01/2021,1,6,1,1,6
Hell's Kitchen,12/2020,1,1,1,1,2
Hell's Kitchen,11/2020,3,7,1,1,20
Hell's Kitchen,10/2020,10,10,1,1,2
Hell's Kitchen,09/2020,1,4,1,1,2
Hell's Kitchen,08/2020,16,51,1,1,196
Hell's Kitchen,06/2020,7,16,1,1,34
Hell's Kitchen,05/2020,8,21,1,1,26
Hell's Kitchen,04/2020,2,13,1,1,12
Hell's Kitchen,03/2020,35,528,1,1,267
Hell's Kitchen,02/2020,1,2,1,1,1
Hell's Kitchen,12/2019,1,3,1,1,2
Hell's Kitchen,09/2019,1,4,1,1,6
Hell's Kitchen,08/2019,34,169,1,1,159
Hell's Kitchen,07/2019,2,7,1,1,13
Hell's Kitchen,06/2019,1,1,1,1,0
Hell's Kitchen,05/2019,6,11,1,1,14
Hell's Kitchen,04/2019,3,4,1,1,2
Hell's Kitchen,03/2019,5,6,1,1,3
Hell's Kitchen,02/2019,2,4,1,1,4
Hell's Kitchen,01/2019,13,49,1,1,37
Hell's Kitchen,12/2018,7,9,1,1,29
Hell's Kitchen,08/2018,1,4,1,1,9
Hell's Kitchen,07/2018,5,16,1,2,62
Hell's Kitchen,06/2018,4,18,1,1,35
Hell's Kitchen,05/2018,5,10,1,1,16
Hell's Kitchen,12/2017,9,12,1,1,10
Hell's Kitchen,11/2017,4,5,1,1,5
Hell's Kitchen,08/2017,8,10,1,1,10
Hell's Kitchen,02/2017,5,6,1,1,6
EveOnline,09/2023,922,7.1K,15,34,176K
EveOnline,08/2023,653,10.7K,15,34,482K
EveOnline,07/2023,418,3.7K,14,32,309K
EveOnline,06/2023,393,4.1K,16,38,282K
EveOnline,05/2023,508,22.5K,19,62,377K
EveOnline,04/2023,469,6.4K,17,39,337K
EveOnline,03/2023,466,3.7K,16,38,343K
EveOnline,02/2023,329,1.5K,13,29,219K
EveOnline,01/2023,403,4.6K,14,31,298K
EveOnline,12/2022,494,11.8K,15,32,367K
EveOnline,11/2022,706,7.1K,16,36,508K
EveOnline,10/2022,371,3.4K,14,33,258K
EveOnline,09/2022,424,5.7K,13,31,302K
EveOnline,08/2022,534,5.8K,14,32,398K
EveOnline,07/2022,506,6.2K,15,32,370K
EveOnline,06/2022,475,3.6K,15,34,342K
EveOnline,05/2022,635,6.7K,17,35,471K
EveOnline,04/2022,473,7.0K,17,38,340K
EveOnline,03/2022,494,5.3K,18,54,362K
EveOnline,02/2022,503,2.6K,17,38,334K
EveOnline,01/2022,605,9.1K,21,43,448K
EveOnline,12/2021,560,33.0K,18,60,415K
EveOnline,11/2021,733,7.9K,20,43,525K
EveOnline,10/2021,507,6.7K,18,38,376K
EveOnline,09/2021,859,22.1K,19,44,616K
EveOnline,08/2021,606,4.5K,18,38,449K
EveOnline,07/2021,519,4.2K,16,34,385K
EveOnline,06/2021,427,3.5K,18,47,306K
EveOnline,05/2021,577,2.9K,22,43,428K
EveOnline,04/2021,543,2.3K,19,41,390K
EveOnline,03/2021,516,2.4K,23,47,383K
EveOnline,02/2021,480,2.5K,23,48,321K
EveOnline,01/2021,633,12.0K,24,45,470K
EveOnline,12/2020,581,5.3K,22,46,430K
EveOnline,11/2020,528,4.6K,21,51,378K
EveOnline,10/2020,685,6.6K,22,55,507K
EveOnline,09/2020,445,2.6K,24,46,319K
EveOnline,08/2020,573,3.6K,25,53,424K
EveOnline,07/2020,644,3.8K,25,59,477K
EveOnline,06/2020,406,2.4K,22,49,290K
EveOnline,05/2020,489,2.7K,26,50,360K
EveOnline,04/2020,406,3.6K,25,50,286K
EveOnline,03/2020,327,1.8K,20,62,242K
EveOnline,02/2020,280,1.0K,17,32,194K
EveOnline,01/2020,303,1.4K,17,36,225K
EveOnline,12/2019,310,2.3K,18,39,230K
EveOnline,11/2019,467,16.4K,21,49,324K
EveOnline,10/2019,266,4.4K,15,33,189K
EveOnline,09/2019,283,1.6K,17,34,203K
EveOnline,08/2019,325,3.5K,18,80,241K
EveOnline,07/2019,341,1.7K,18,41,253K
EveOnline,06/2019,368,2.6K,18,34,261K
EveOnline,05/2019,329,1.3K,17,39,243K
EveOnline,04/2019,320,1.6K,19,40,230K
EveOnline,03/2019,311,2.9K,16,75,230K
EveOnline,02/2019,309,1.3K,17,37,205K
EveOnline,01/2019,281,4.3K,18,37,208K
EveOnline,12/2018,304,3.9K,17,52,225K
EveOnline,11/2018,325,3.0K,16,33,233K
EveOnline,10/2018,348,6.0K,15,35,258K
EveOnline,09/2018,342,1.4K,15,34,246K
EveOnline,08/2018,622,10.6K,17,46,462K
EveOnline,07/2018,566,7.3K,19,45,415K
EveOnline,06/2018,373,4.8K,19,43,268K
EveOnline,05/2018,422,5.7K,17,43,313K
EveOnline,04/2018,429,10.1K,17,53,307K
EveOnline,03/2018,332,2.1K,16,34,245K
EveOnline,02/2018,320,3.1K,17,40,213K
EveOnline,01/2018,574,19.1K,15,51,424K
EveOnline,12/2017,347,4.1K,13,41,257K
EveOnline,11/2017,385,1.9K,14,32,275K
EveOnline,10/2017,396,5.0K,15,35,292K
EveOnline,09/2017,397,3.4K,16,35,285K
EveOnline,08/2017,514,8.4K,13,32,376K
EveOnline,07/2017,326,5.6K,13,28,241K
EveOnline,06/2017,378,3.1K,13,34,271K
EveOnline,05/2017,399,1.8K,16,33,289K
EveOnline,04/2017,415,2.8K,15,48,295K
EveOnline,03/2017,428,3.1K,13,48,318K
EveOnline,02/2017,736,3.2K,15,32,490K
EveOnline,01/2017,791,2.6K,16,33,583K
EveOnline,12/2016,853,15.7K,20,74,628K
World of Warcraft,09/2023,60.3K,162K,1.3K,2.7K,11.5M
World of Warcraft,08/2023,37.6K,182K,972,3.1K,27.8M
World of Warcraft,07/2023,28.8K,93.3K,929,2.6K,21.2M
World of Warcraft,06/2023,26.9K,60.7K,987,2.9K,19.3M
World of Warcraft,05/2023,71.5K,305K,1.5K,4.7K,53.1M
World of Warcraft,04/2023,32.8K,124K,1.1K,2.9K,23.5M
World of Warcraft,03/2023,29.9K,95.7K,1.1K,3.2K,22.0M
World of Warcraft,02/2023,37.6K,127K,1.3K,3.6K,25.0M
World of Warcraft,01/2023,45.8K,105K,1.5K,4.6K,33.8M
World of Warcraft,12/2022,100K,312K,1.6K,4.8K,74.6M
World of Warcraft,11/2022,60.5K,796K,1.2K,12.0K,43.5M
World of Warcraft,10/2022,43.9K,146K,1.2K,3.1K,30.5M
World of Warcraft,09/2022,62.6K,385K,1.4K,7.0K,44.6M
World of Warcraft,08/2022,34.4K,123K,1.1K,2.9K,25.5M
World of Warcraft,07/2022,30.0K,170K,928,2.5K,21.6M
World of Warcraft,06/2022,27.1K,122K,1.0K,3.0K,19.5M
World of Warcraft,05/2022,30.1K,127K,1.2K,3.6K,22.3M
World of Warcraft,04/2022,35.1K,509K,1.2K,3.3K,25.2M
World of Warcraft,03/2022,75.5K,267K,1.3K,4.4K,55.1M
World of Warcraft,02/2022,24.9K,133K,1.1K,3.5K,16.6M
World of Warcraft,01/2022,30.5K,82.7K,1.1K,3.7K,22.7M
World of Warcraft,12/2021,30.1K,76.2K,1.0K,3.2K,22.4M
World of Warcraft,11/2021,28.8K,119K,1.1K,3.5K,20.7M
World of Warcraft,10/2021,16.7K,44.9K,987,3.2K,12.5M
World of Warcraft,09/2021,23.7K,97.2K,1.3K,4.5K,17.1M
World of Warcraft,08/2021,26.5K,57.9K,1.3K,3.9K,19.7M
World of Warcraft,07/2021,63.9K,315K,1.6K,5.8K,47.5M
World of Warcraft,06/2021,73.4K,432K,1.8K,8.4K,52.8M
World of Warcraft,05/2021,46.1K,144K,1.5K,4.5K,34.3M
World of Warcraft,04/2021,40.2K,158K,1.6K,5.0K,28.9M
World of Warcraft,03/2021,45.9K,197K,1.9K,5.5K,34.2M
World of Warcraft,02/2021,43.7K,143K,2.1K,6.2K,29.3M
World of Warcraft,01/2021,60.1K,149K,2.6K,6.8K,44.6M
World of Warcraft,12/2020,121K,432K,3.1K,11.2K,90.1M
World of Warcraft,11/2020,76.0K,948K,2.4K,25.8K,54.7M
World of Warcraft,10/2020,44.9K,210K,1.5K,3.7K,33.4M
World of Warcraft,09/2020,39.3K,115K,1.5K,3.9K,28.3M
World of Warcraft,08/2020,40.6K,127K,1.6K,4.0K,30.2M
World of Warcraft,07/2020,47.4K,244K,1.6K,3.8K,35.2M
World of Warcraft,06/2020,45.0K,138K,1.6K,4.2K,32.3M
World of Warcraft,05/2020,49.3K,123K,1.9K,4.7K,36.6M
World of Warcraft,04/2020,45.9K,151K,1.8K,4.5K,32.8M
World of Warcraft,03/2020,27.3K,63.6K,1.5K,4.1K,20.3M
World of Warcraft,02/2020,45.6K,261K,1.4K,4.2K,31.7M
World of Warcraft,01/2020,37.0K,168K,1.3K,4.1K,27.6M
World of Warcraft,12/2019,27.2K,90.4K,1.1K,2.9K,20.2M
World of Warcraft,11/2019,37.4K,178K,1.3K,3.7K,26.0M
World of Warcraft,10/2019,48.5K,138K,1.7K,4.0K,34.8M
World of Warcraft,09/2019,125K,377K,3.1K,7.9K,89.8M
World of Warcraft,08/2019,91.2K,1.14M,2.1K,19.1K,67.9M
World of Warcraft,07/2019,49.6K,245K,947,3.0K,36.9M
World of Warcraft,06/2019,43.6K,202K,900,2.2K,31.4M
World of Warcraft,05/2019,54.8K,210K,958,2.8K,40.7M
World of Warcraft,04/2019,24.0K,93.7K,878,2.5K,17.3M
World of Warcraft,03/2019,19.6K,82.1K,958,2.5K,14.6M
World of Warcraft,02/2019,32.3K,212K,1.0K,2.7K,21.7M
World of Warcraft,01/2019,24.4K,157K,946,3.7K,18.2M
World of Warcraft,12/2018,18.5K,63.7K,778,2.3K,13.7M
World of Warcraft,11/2018,27.5K,265K,953,2.6K,19.8M
World of Warcraft,10/2018,34.3K,112K,1.2K,3.5K,25.4M
World of Warcraft,09/2018,65.5K,305K,1.8K,6.3K,47.1M
World of Warcraft,08/2018,75.5K,605K,1.9K,15.6K,56.1M
World of Warcraft,07/2018,29.7K,128K,843,1.8K,21.8M
World of Warcraft,06/2018,16.7K,143K,700,1.7K,12.0M
World of Warcraft,05/2018,17.8K,70.2K,760,2.0K,13.2M
World of Warcraft,04/2018,17.2K,95.6K,815,2.1K,12.3M
World of Warcraft,03/2018,15.2K,57.0K,845,2.1K,11.3M
World of Warcraft,02/2018,22.6K,87.8K,932,2.3K,15.1M
World of Warcraft,01/2018,16.3K,115K,852,2.2K,12.1M
World of Warcraft,12/2017,19.2K,56.9K,856,2.5K,14.3M
World of Warcraft,11/2017,24.6K,126K,748,3.1K,17.7M
World of Warcraft,10/2017,13.2K,80.6K,622,1.7K,9.81M
World of Warcraft,09/2017,16.0K,66.3K,646,1.7K,11.5M
World of Warcraft,08/2017,12.5K,52.9K,607,1.6K,9.31M
World of Warcraft,07/2017,15.0K,51.1K,683,1.9K,11.1M
World of Warcraft,06/2017,14.3K,51.1K,631,2.5K,10.3M
World of Warcraft,05/2017,11.1K,30.7K,575,1.5K,8.06M
World of Warcraft,04/2017,12.7K,39.9K,607,1.5K,9.11M
World of Warcraft,03/2017,12.3K,29.7K,613,1.6K,9.12M
World of Warcraft,02/2017,17.1K,36.9K,709,1.9K,11.5M
World of Warcraft,01/2017,17.4K,44.0K,738,2.6K,12.9M
World of Warcraft,12/2016,16.3K,52.2K,613,1.7K,12.0M
Final Fantasy XIV,09/2023,4.1K,7.9K,349,860,777K
Final Fantasy XIV,08/2023,4.9K,18.0K,386,1.1K,3.59M
Final Fantasy XIV,07/2023,5.6K,151K,389,1.4K,4.14M
Final Fantasy XIV,06/2023,5.3K,23.3K,593,2.7K,3.82M
Final Fantasy XIV,05/2023,6.6K,65.2K,473,2.9K,4.91M
Final Fantasy XIV,04/2023,4.6K,15.3K,435,1.3K,3.32M
Final Fantasy XIV,03/2023,5.9K,38.8K,492,1.5K,4.35M
Final Fantasy XIV,02/2023,7.9K,26.9K,573,1.8K,5.28M
Final Fantasy XIV,01/2023,13.1K,87.2K,522,2.1K,9.66M
Final Fantasy XIV,12/2022,3.9K,40.6K,302,868,2.86M
Final Fantasy XIV,11/2022,3.8K,36.9K,359,1.3K,2.77M
Final Fantasy XIV,10/2022,7.9K,32.4K,468,1.6K,5.34M
Final Fantasy XIV,09/2022,10.8K,33.1K,744,3.1K,7.68M
Final Fantasy XIV,08/2022,9.0K,69.4K,612,3.4K,6.71M
Final Fantasy XIV,07/2022,6.8K,63.4K,537,1.5K,4.87M
Final Fantasy XIV,06/2022,7.6K,93.7K,610,1.8K,5.44M
Final Fantasy XIV,05/2022,11.7K,53.5K,736,2.6K,8.70M
Final Fantasy XIV,04/2022,13.0K,82.8K,604,2.9K,9.37M
Final Fantasy XIV,03/2022,5.0K,43.7K,387,1.3K,3.64M
Final Fantasy XIV,02/2022,7.0K,81.4K,556,2.5K,4.66M
Final Fantasy XIV,01/2022,14.1K,92.3K,1.0K,3.6K,10.5M
Final Fantasy XIV,12/2021,16.7K,81.2K,1.0K,5.4K,12.4M
Final Fantasy XIV,11/2021,12.1K,85.7K,592,1.4K,8.69M
Final Fantasy XIV,10/2021,10.9K,36.3K,622,1.5K,8.14M
Final Fantasy XIV,09/2021,14.2K,131K,719,1.7K,10.2M
Final Fantasy XIV,08/2021,26.9K,121K,865,1.8K,20.0M
Final Fantasy XIV,07/2021,34.8K,221K,752,1.9K,25.9M
Final Fantasy XIV,06/2021,7.2K,42.5K,537,1.3K,5.17M
Final Fantasy XIV,05/2021,6.5K,144K,500,1.4K,4.80M
Final Fantasy XIV,04/2021,4.2K,31.7K,469,1.7K,3.03M
Final Fantasy XIV,03/2021,4.1K,32.6K,453,1.4K,3.05M
Final Fantasy XIV,02/2021,5.3K,149K,508,1.6K,3.54M
Final Fantasy XIV,01/2021,3.9K,16.1K,495,1.7K,2.86M
Final Fantasy XIV,12/2020,4.6K,29.5K,585,2.5K,3.44M
Final Fantasy XIV,11/2020,2.5K,37.0K,305,763,1.83M
Final Fantasy XIV,10/2020,3.0K,31.5K,353,912,2.24M
Final Fantasy XIV,09/2020,4.1K,30.1K,419,1.0K,2.98M
Final Fantasy XIV,08/2020,4.6K,19.2K,450,1.5K,3.39M
Final Fantasy XIV,07/2020,3.2K,41.6K,339,911,2.35M
Final Fantasy XIV,06/2020,3.0K,15.3K,322,891,2.15M
Final Fantasy XIV,05/2020,3.1K,11.9K,373,1.1K,2.27M
Final Fantasy XIV,04/2020,2.8K,32.3K,332,1.1K,2.01M
Final Fantasy XIV,03/2020,2.6K,11.1K,323,1.1K,1.91M
Final Fantasy XIV,02/2020,4.0K,35.2K,376,1.6K,2.77M
Final Fantasy XIV,01/2020,2.2K,9.3K,235,741,1.62M
Final Fantasy XIV,12/2019,2.6K,30.2K,252,830,1.93M
Final Fantasy XIV,11/2019,5.2K,35.1K,295,1.1K,3.64M
Final Fantasy XIV,10/2019,2.2K,34.1K,206,973,1.59M
Final Fantasy XIV,09/2019,2.5K,63.2K,230,897,1.83M
Final Fantasy XIV,08/2019,4.4K,27.2K,418,1.7K,3.25M
Final Fantasy XIV,07/2019,6.8K,23.6K,453,1.8K,5.07M
Final Fantasy XIV,06/2019,5.4K,62.4K,351,2.4K,3.87M
Final Fantasy XIV,05/2019,3.9K,90.8K,252,549,2.89M
Final Fantasy XIV,04/2019,2.7K,18.6K,224,569,1.94M
Final Fantasy XIV,03/2019,3.2K,134K,211,537,2.39M
Final Fantasy XIV,02/2019,3.0K,85.4K,202,565,2.05M
Final Fantasy XIV,01/2019,2.0K,9.4K,190,618,1.46M
Final Fantasy XIV,12/2018,1.4K,18.9K,139,493,1.02M
Final Fantasy XIV,11/2018,1.7K,89.6K,136,535,1.24M
Final Fantasy XIV,10/2018,1.3K,5.2K,156,610,968K
Final Fantasy XIV,09/2018,1.8K,18.8K,175,800,1.29M
Final Fantasy XIV,08/2018,1.1K,7.7K,119,433,782K
Final Fantasy XIV,07/2018,1.4K,14.0K,161,502,993K
Final Fantasy XIV,06/2018,2.8K,21.2K,177,553,2.01M
Final Fantasy XIV,05/2018,1.4K,16.9K,139,520,1.04M
Final Fantasy XIV,04/2018,1.6K,16.0K,136,498,1.12M
Final Fantasy XIV,03/2018,1.2K,6.1K,148,522,912K
Final Fantasy XIV,02/2018,1.3K,13.3K,177,595,845K
Final Fantasy XIV,01/2018,1.2K,19.7K,119,637,914K
Final Fantasy XIV,12/2017,840,11.5K,100,294,620K
Final Fantasy XIV,11/2017,1.2K,5.9K,108,331,893K
Final Fantasy XIV,10/2017,1.9K,18.1K,115,441,1.39M
Final Fantasy XIV,09/2017,1.1K,12.5K,112,453,814K
Final Fantasy XIV,08/2017,1.3K,4.9K,151,599,957K
Final Fantasy XIV,07/2017,2.8K,37.4K,211,770,2.10M
Final Fantasy XIV,06/2017,4.0K,30.6K,224,1.4K,2.91M
Final Fantasy XIV,05/2017,715,35.4K,38,189,529K
Final Fantasy XIV,04/2017,14,131,5,13,7.3K
Final Fantasy XIV,03/2017,56,778,4,20,38.2K
Final Fantasy XIV,02/2017,20,761,5,16,11.9K
Final Fantasy XIV,01/2017,21,306,6,16,12.0K
Final Fantasy XIV,12/2016,18,422,5,17,7.4K
League of Legends,09/2023,118K,397K,2.8K,3.9K,22.6M
League of Legends,08/2023,127K,467K,2.8K,4.0K,93.8M
League of Legends,07/2023,148K,454K,2.8K,5.1K,109M
League of Legends,06/2023,133K,431K,2.6K,3.8K,95.3M
League of Legends,05/2023,169K,925K,2.9K,4.5K,125M
League of Legends,04/2023,149K,586K,3.0K,4.4K,107M
League of Legends,03/2023,166K,566K,2.9K,4.7K,122M
League of Legends,02/2023,168K,621K,2.9K,4.4K,112M
League of Legends,01/2023,169K,641K,3.1K,5.9K,125M
League of Legends,12/2022,93.3K,225K,2.2K,4.0K,69.3M
League of Legends,11/2022,129K,3.11M,2.5K,4.1K,93.1M
League of Legends,10/2022,214K,1.59M,2.7K,4.3K,149M
League of Legends,09/2022,159K,1.02M,2.9K,4.4K,113M
League of Legends,08/2022,179K,854K,2.9K,4.2K,133M
League of Legends,07/2022,162K,534K,3.1K,4.5K,117M
League of Legends,06/2022,165K,468K,3.1K,4.4K,118M
League of Legends,05/2022,214K,1.37M,3.4K,5.1K,159M
League of Legends,04/2022,180K,1.05M,3.5K,5.0K,129M
League of Legends,03/2022,188K,685K,3.3K,5.1K,137M
League of Legends,02/2022,201K,633K,3.9K,6.8K,134M
League of Legends,01/2022,248K,657K,4.8K,9.9K,184M
League of Legends,12/2021,128K,591K,3.3K,5.3K,95.1M
League of Legends,11/2021,142K,3.08M,3.4K,5.3K,103M
League of Legends,10/2021,280K,2.42M,3.3K,5.4K,208M
League of Legends,09/2021,149K,640K,3.8K,5.5K,107M
League of Legends,08/2021,186K,954K,4.0K,5.6K,138M
League of Legends,07/2021,181K,525K,4.0K,6.0K,134M
League of Legends,06/2021,205K,699K,4.2K,6.5K,148M
League of Legends,05/2021,234K,1.23M,4.7K,7.7K,174M
League of Legends,04/2021,218K,914K,5.0K,8.3K,157M
League of Legends,03/2021,201K,858K,5.1K,9.2K,150M
League of Legends,02/2021,223K,724K,5.5K,9.7K,150M
League of Legends,01/2021,229K,699K,5.9K,11.6K,170M
League of Legends,12/2020,130K,320K,4.4K,8.0K,96.2M
League of Legends,11/2020,168K,345K,4.7K,8.9K,121M
League of Legends,10/2020,231K,2.04M,4.5K,8.5K,172M
League of Legends,09/2020,187K,795K,4.4K,6.8K,135M
League of Legends,08/2020,192K,730K,4.4K,7.5K,142M
League of Legends,07/2020,182K,505K,4.4K,7.3K,135M
League of Legends,06/2020,199K,561K,4.2K,7.5K,143M
League of Legends,05/2020,172K,507K,4.7K,8.3K,127M
League of Legends,04/2020,189K,736K,4.8K,8.8K,135M
League of Legends,03/2020,166K,430K,4.1K,8.4K,123M
League of Legends,02/2020,175K,402K,3.7K,7.3K,121M
League of Legends,01/2020,134K,348K,4.0K,8.0K,99.7M
League of Legends,12/2019,106K,232K,3.1K,6.4K,78.5M
League of Legends,11/2019,132K,1.74M,3.0K,4.5K,91.8M
League of Legends,10/2019,170K,1.10M,3.0K,5.9K,121M
League of Legends,09/2019,108K,654K,2.7K,4.5K,77.6M
League of Legends,08/2019,116K,463K,2.7K,5.3K,86.1M
League of Legends,07/2019,91.7K,275K,2.4K,3.4K,68.2M
League of Legends,06/2019,124K,322K,2.8K,3.9K,89.1M
League of Legends,05/2019,138K,816K,2.8K,4.1K,103M
League of Legends,04/2019,128K,548K,2.7K,4.0K,92.4M
League of Legends,03/2019,146K,377K,2.6K,4.0K,108M
League of Legends,02/2019,141K,370K,2.6K,4.5K,95.0M
League of Legends,01/2019,133K,400K,3.0K,6.1K,99.1M
League of Legends,12/2018,96.8K,344K,2.4K,3.5K,72.0M
League of Legends,11/2018,117K,1.13M,2.4K,5.0K,84.5M
League of Legends,10/2018,147K,923K,2.2K,3.4K,109M
League of Legends,09/2018,106K,424K,2.1K,3.1K,76.5M
League of Legends,08/2018,109K,934K,2.0K,2.8K,81.2M
League of Legends,07/2018,102K,232K,1.8K,2.8K,74.9M
League of Legends,06/2018,101K,244K,1.8K,3.3K,72.4M
League of Legends,05/2018,110K,511K,1.9K,2.8K,82.0M
League of Legends,04/2018,103K,486K,2.0K,3.9K,74.1M
League of Legends,03/2018,119K,364K,2.1K,3.2K,88.8M
League of Legends,02/2018,121K,305K,2.3K,3.5K,81.0M
League of Legends,01/2018,120K,440K,2.4K,4.8K,89.0M
League of Legends,12/2017,93.5K,325K,1.9K,3.2K,69.6M
League of Legends,11/2017,115K,1.09M,1.9K,2.9K,82.8M
League of Legends,10/2017,127K,886K,1.8K,2.8K,94.6M
League of Legends,09/2017,103K,376K,1.7K,2.6K,74.4M
League of Legends,08/2017,96.7K,350K,1.7K,2.7K,71.8M
League of Legends,07/2017,114K,326K,1.7K,2.5K,84.6M
League of Legends,06/2017,118K,281K,1.6K,2.4K,84.6M
League of Legends,05/2017,118K,648K,1.7K,2.5K,86.6M
League of Legends,04/2017,115K,488K,1.6K,2.5K,82.5M
League of Legends,03/2017,122K,326K,1.6K,2.5K,90.8M
League of Legends,02/2017,148K,391K,1.8K,2.8K,99.3M
League of Legends,01/2017,134K,378K,1.8K,2.9K,99.1M
League of Legends,12/2016,109K,334K,1.7K,2.5K,81.0M
MineCraft,09/2023,50.3K,194K,2.0K,3.6K,9.63M
MineCraft,08/2023,58.8K,406K,2.4K,3.8K,43.5M
MineCraft,07/2023,52.7K,230K,2.6K,3.9K,38.9M
MineCraft,06/2023,55.2K,301K,2.4K,3.9K,39.6M
MineCraft,05/2023,81.0K,359K,2.0K,3.6K,60.1M
MineCraft,04/2023,92.3K,493K,2.3K,4.1K,66.2M
MineCraft,03/2023,74.1K,1.59M,2.1K,4.1K,54.4M
MineCraft,02/2023,59.6K,1.67M,2.3K,4.7K,39.6M
MineCraft,01/2023,97.5K,681K,2.3K,4.7K,72.0M
MineCraft,12/2022,45.2K,312K,1.7K,3.2K,33.6M
MineCraft,11/2022,62.0K,358K,1.7K,3.6K,44.6M
MineCraft,10/2022,56.6K,595K,1.8K,3.4K,39.1M
MineCraft,09/2022,86.7K,593K,2.1K,4.0K,61.8M
MineCraft,08/2022,123K,812K,2.9K,4.7K,91.8M
MineCraft,07/2022,72.4K,776K,2.8K,4.5K,52.2M
MineCraft,06/2022,55.3K,1.11M,2.1K,3.6K,39.8M
MineCraft,05/2022,32.8K,407K,1.9K,3.4K,24.3M
MineCraft,04/2022,38.5K,419K,2.2K,4.0K,27.6M
MineCraft,03/2022,41.3K,419K,2.2K,4.5K,30.1M
MineCraft,02/2022,50.3K,654K,2.7K,5.4K,33.5M
MineCraft,01/2022,81.3K,1.93M,3.1K,5.9K,60.4M
MineCraft,12/2021,73.6K,644K,2.9K,6.0K,54.7M
MineCraft,11/2021,77.7K,604K,2.5K,4.9K,55.9M
MineCraft,10/2021,91.0K,758K,2.6K,4.8K,67.7M
MineCraft,09/2021,106K,793K,2.9K,5.7K,76.3M
MineCraft,08/2021,102K,898K,3.6K,6.0K,75.9M
MineCraft,07/2021,71.9K,903K,3.8K,6.3K,53.5M
MineCraft,06/2021,100K,505K,4.0K,7.6K,72.2M
MineCraft,05/2021,103K,974K,3.8K,7.8K,76.6M
MineCraft,04/2021,111K,751K,4.3K,8.9K,80.0M
MineCraft,03/2021,118K,700K,4.6K,9.5K,87.7M
MineCraft,02/2021,122K,642K,5.2K,9.9K,82.2M
MineCraft,01/2021,108K,923K,4.8K,9.9K,79.9M
MineCraft,12/2020,97.0K,592K,3.7K,7.1K,72.0M
MineCraft,11/2020,106K,620K,3.1K,6.1K,76.5M
MineCraft,10/2020,67.0K,477K,2.4K,4.5K,49.8M
MineCraft,09/2020,54.1K,437K,2.2K,3.8K,38.9M
MineCraft,08/2020,54.2K,380K,2.6K,4.5K,40.3M
MineCraft,07/2020,71.1K,449K,2.8K,4.4K,52.8M
MineCraft,06/2020,54.0K,402K,2.4K,4.7K,38.8M
MineCraft,05/2020,55.3K,471K,2.4K,4.1K,41.0M
MineCraft,04/2020,57.2K,315K,2.3K,4.1K,41.0M
MineCraft,03/2020,30.8K,218K,1.6K,3.7K,22.9M
MineCraft,02/2020,24.7K,129K,1.1K,2.2K,17.2M
MineCraft,01/2020,25.2K,181K,1.1K,2.2K,18.7M
MineCraft,12/2019,22.8K,159K,984,1.9K,16.9M
MineCraft,11/2019,21.9K,170K,858,1.8K,15.3M
MineCraft,10/2019,20.3K,152K,983,2.1K,14.6M
MineCraft,09/2019,32.8K,184K,1.4K,3.0K,23.6M
MineCraft,08/2019,44.0K,233K,1.8K,3.0K,32.7M
MineCraft,07/2019,25.2K,153K,1.5K,2.5K,18.7M
MineCraft,06/2019,23.7K,207K,944,1.6K,17.1M
MineCraft,05/2019,12.0K,75.1K,767,1.5K,8.91M
MineCraft,04/2019,8.5K,36.2K,597,1.2K,6.15M
MineCraft,03/2019,7.3K,38.2K,527,1.0K,5.43M
MineCraft,02/2019,9.3K,83.2K,494,933,6.27M
MineCraft,01/2019,14.5K,62.2K,535,1.0K,10.8M
MineCraft,12/2018,8.6K,36.0K,398,765,6.38M
MineCraft,11/2018,6.0K,45.4K,349,749,4.29M
MineCraft,10/2018,5.9K,44.4K,330,651,4.39M
MineCraft,09/2018,5.6K,66.4K,339,685,4.03M
MineCraft,08/2018,7.2K,45.5K,411,864,5.33M
MineCraft,07/2018,7.1K,48.6K,389,682,5.13M
MineCraft,06/2018,4.3K,27.2K,325,562,3.08M
MineCraft,05/2018,4.1K,16.5K,287,545,3.07M
MineCraft,04/2018,5.6K,26.6K,306,605,3.99M
MineCraft,03/2018,4.9K,30.9K,302,609,3.63M
MineCraft,02/2018,5.0K,32.8K,324,643,3.32M
MineCraft,01/2018,5.4K,36.9K,346,680,3.99M
MineCraft,12/2017,6.0K,51.5K,314,665,4.44M
MineCraft,11/2017,8.7K,61.0K,293,660,6.27M
MineCraft,10/2017,5.8K,40.5K,295,624,4.30M
MineCraft,09/2017,5.6K,51.8K,311,681,4.02M
MineCraft,08/2017,6.6K,41.8K,407,723,4.89M
MineCraft,07/2017,7.3K,34.6K,456,751,5.45M
MineCraft,06/2017,7.3K,44.4K,398,711,5.22M
MineCraft,05/2017,8.7K,92.9K,348,773,6.34M
MineCraft,04/2017,9.1K,56.0K,366,788,6.48M
MineCraft,03/2017,7.6K,39.2K,375,921,5.62M
MineCraft,02/2017,9.5K,113K,441,964,6.38M
MineCraft,01/2017,13.6K,91.2K,487,1.1K,10.1M
MineCraft,12/2016,10.8K,72.9K,435,940,8.00M
