URL,Title,User,UserUrl,Date,Posts,Joined
https://forums.centos.org/viewtopic.php?f=54&t=80234,CentOS Stream 9 Hangs at GRUB menu on VMware Workstation Pro 17.2 - vmwgfx drm error in console,orudie,https://forums.centos.org/memberlist.php?mode=viewprofile&u=61190,18/06/2023,18,29/01/2013
https://forums.centos.org/viewtopic.php?f=54&t=80234,CentOS Stream 9 Hangs at GRUB menu on VMware Workstation Pro 17.2 - vmwgfx drm error in console,orudie,https://forums.centos.org/memberlist.php?mode=viewprofile&u=61190,18/06/2023,18,29/01/2013
https://forums.centos.org/viewtopic.php?f=54&t=76110,Celvis error: cannot bind LUKS against TPM2 pcr_ids,MoWeed,https://forums.centos.org/memberlist.php?mode=viewprofile&u=128585,22/10/2020,2,22/10/2020
https://forums.centos.org/viewtopic.php?f=54&t=76110,Celvis error: cannot bind LUKS against TPM2 pcr_ids,IICODECll,https://forums.centos.org/memberlist.php?mode=viewprofile&u=128447,24/10/2020,3,13/10/2020
https://forums.centos.org/viewtopic.php?f=54&t=76110,Celvis error: cannot bind LUKS against TPM2 pcr_ids,MoWeed,https://forums.centos.org/memberlist.php?mode=viewprofile&u=128585,26/10/2020,2,22/10/2020
https://forums.centos.org/viewtopic.php?f=54&t=76159,Recommended TCPPing applications for CentOS?,Priest_Apostate,https://forums.centos.org/memberlist.php?mode=viewprofile&u=98146,26/10/2020,7,03/06/2015
https://forums.centos.org/viewtopic.php?f=54&t=76159,Recommended TCPPing applications for CentOS?,tunk,https://forums.centos.org/memberlist.php?mode=viewprofile&u=110413,26/10/2020,1185,22/02/2017
https://forums.centos.org/viewtopic.php?f=54&t=76066,log files,rpyne,https://forums.centos.org/memberlist.php?mode=viewprofile&u=100254,18/10/2020,5,22/09/2015
https://forums.centos.org/viewtopic.php?f=54&t=76066,log files,lightman47,https://forums.centos.org/memberlist.php?mode=viewprofile&u=86190,18/10/2020,1483,21/05/2014
https://forums.centos.org/viewtopic.php?f=54&t=76066,log files,rpyne,https://forums.centos.org/memberlist.php?mode=viewprofile&u=100254,18/10/2020,5,22/09/2015
https://forums.centos.org/viewtopic.php?f=54&t=76066,log files,lightman47,https://forums.centos.org/memberlist.php?mode=viewprofile&u=86190,18/10/2020,1483,21/05/2014
https://forums.centos.org/viewtopic.php?f=54&t=76066,log files,TrevorH,https://forums.centos.org/memberlist.php?mode=viewprofile&u=42237,18/10/2020,32873,24/09/2009
https://forums.centos.org/viewtopic.php?f=54&t=76066,log files,rpyne,https://forums.centos.org/memberlist.php?mode=viewprofile&u=100254,19/10/2020,5,22/09/2015
https://forums.centos.org/viewtopic.php?f=54&t=76066,log files,jlehtone,https://forums.centos.org/memberlist.php?mode=viewprofile&u=35850,19/10/2020,4364,11/12/2007
https://forums.centos.org/viewtopic.php?f=54&t=76065,Solved: No match for argument: python-pip,prabha_friend,https://forums.centos.org/memberlist.php?mode=viewprofile&u=126977,18/10/2020,63,10/06/2020
https://forums.centos.org/viewtopic.php?f=54&t=76065,Solved: No match for argument: python-pip,jlehtone,https://forums.centos.org/memberlist.php?mode=viewprofile&u=35850,19/10/2020,4364,11/12/2007
https://forums.centos.org/viewtopic.php?f=54&t=76065,Solved: No match for argument: python-pip,johnzapf,https://forums.centos.org/memberlist.php?mode=viewprofile&u=128547,19/10/2020,21,19/10/2020
https://forums.centos.org/viewtopic.php?f=54&t=76065,Solved: No match for argument: python-pip,prabha_friend,https://forums.centos.org/memberlist.php?mode=viewprofile&u=126977,20/10/2020,63,10/06/2020
https://forums.centos.org/viewtopic.php?f=54&t=76613,Booting a Virtual machine from KVM with CLI,mattlerf,https://forums.centos.org/memberlist.php?mode=viewprofile&u=129174,09/12/2020,1,09/12/2020
https://forums.centos.org/viewtopic.php?f=54&t=76608,OpenSSH pubkey error - C_Sign failed: 32,Boyd.ako,https://forums.centos.org/memberlist.php?mode=viewprofile&u=105954,09/12/2020,46,22/06/2016
https://forums.centos.org/viewtopic.php?f=54&t=76303,CentOS 8 + Apache 2.4 virtual hosts,andrewmoras,https://forums.centos.org/memberlist.php?mode=viewprofile&u=128805,09/11/2020,2,09/11/2020
https://forums.centos.org/viewtopic.php?f=54&t=76303,CentOS 8 + Apache 2.4 virtual hosts,LaurentBarme,https://forums.centos.org/memberlist.php?mode=viewprofile&u=128758,09/11/2020,6,04/11/2020
https://forums.centos.org/viewtopic.php?f=54&t=76303,CentOS 8 + Apache 2.4 virtual hosts,BShT,https://forums.centos.org/memberlist.php?mode=viewprofile&u=123726,09/11/2020,572,09/10/2019
https://forums.centos.org/viewtopic.php?f=54&t=76303,CentOS 8 + Apache 2.4 virtual hosts,andrewmoras,https://forums.centos.org/memberlist.php?mode=viewprofile&u=128805,09/11/2020,2,09/11/2020
https://forums.centos.org/viewtopic.php?f=54&t=76303,CentOS 8 + Apache 2.4 virtual hosts,KernelOops,https://forums.centos.org/memberlist.php?mode=viewprofile&u=83383,09/11/2020,428,18/12/2013
https://forums.centos.org/viewtopic.php?f=54&t=76523,CentOS 8 server swapping for no reason - why?,majun,https://forums.centos.org/memberlist.php?mode=viewprofile&u=44188,30/11/2020,145,11/03/2010
https://forums.centos.org/viewtopic.php?f=54&t=76523,CentOS 8 server swapping for no reason - why?,KernelOops,https://forums.centos.org/memberlist.php?mode=viewprofile&u=83383,30/11/2020,428,18/12/2013
https://forums.centos.org/viewtopic.php?f=54&t=76523,CentOS 8 server swapping for no reason - why?,majun,https://forums.centos.org/memberlist.php?mode=viewprofile&u=44188,30/11/2020,145,11/03/2010
https://forums.centos.org/viewtopic.php?f=54&t=76523,CentOS 8 server swapping for no reason - why?,majun,https://forums.centos.org/memberlist.php?mode=viewprofile&u=44188,02/12/2020,145,11/03/2010
https://forums.centos.org/viewtopic.php?f=54&t=71753,Issue with kickstart,bhundven,https://forums.centos.org/memberlist.php?mode=viewprofile&u=123405,24/09/2019,3,24/09/2019
https://forums.centos.org/viewtopic.php?f=54&t=71753,Issue with kickstart,TrevorH,https://forums.centos.org/memberlist.php?mode=viewprofile&u=42237,24/09/2019,32873,24/09/2009
https://forums.centos.org/viewtopic.php?f=54&t=71753,Issue with kickstart,bhundven,https://forums.centos.org/memberlist.php?mode=viewprofile&u=123405,24/09/2019,3,24/09/2019
https://forums.centos.org/viewtopic.php?f=54&t=76165,"To get software updates, this system needs to be registered with Red Hat, either using the Red Hat Customer Portal or a",SecCon,https://forums.centos.org/memberlist.php?mode=viewprofile&u=128638,26/10/2020,25,26/10/2020
https://forums.centos.org/viewtopic.php?f=54&t=76165,"To get software updates, this system needs to be registered with Red Hat, either using the Red Hat Customer Portal or a",TrevorH,https://forums.centos.org/memberlist.php?mode=viewprofile&u=42237,26/10/2020,32873,24/09/2009
https://forums.centos.org/viewtopic.php?f=54&t=76165,"To get software updates, this system needs to be registered with Red Hat, either using the Red Hat Customer Portal or a",SecCon,https://forums.centos.org/memberlist.php?mode=viewprofile&u=128638,26/10/2020,25,26/10/2020
https://forums.centos.org/viewtopic.php?f=54&t=76640,Kickstarts prompt for network,otherdata,https://forums.centos.org/memberlist.php?mode=viewprofile&u=129206,12/12/2020,1,12/12/2020
https://forums.centos.org/viewtopic.php?f=54&t=76640,Kickstarts prompt for network,hsteininger,https://forums.centos.org/memberlist.php?mode=viewprofile&u=129243,16/12/2020,1,16/12/2020
https://forums.centos.org/viewtopic.php?f=54&t=76666,Error after Centos 8 update on Dockerhub,aaronm,https://forums.centos.org/memberlist.php?mode=viewprofile&u=109394,15/12/2020,18,20/12/2016
https://forums.centos.org/viewtopic.php?f=54&t=76679,Configuration apache on centos 8 and integrate with Azure Active Directory,msihtasham,https://forums.centos.org/memberlist.php?mode=viewprofile&u=129245,16/12/2020,1,16/12/2020
https://forums.centos.org/viewtopic.php?f=55&t=71854,Brocade 1020 won't work,mros73,https://forums.centos.org/memberlist.php?mode=viewprofile&u=123513,28/09/2019,5,28/09/2019
https://forums.centos.org/viewtopic.php?f=55&t=71854,Brocade 1020 won't work,toracat,https://forums.centos.org/memberlist.php?mode=viewprofile&u=31541,28/09/2019,7516,03/09/2006
https://forums.centos.org/viewtopic.php?f=55&t=71854,Brocade 1020 won't work,mros73,https://forums.centos.org/memberlist.php?mode=viewprofile&u=123513,28/09/2019,5,28/09/2019
https://forums.centos.org/viewtopic.php?f=55&t=71854,Brocade 1020 won't work,toracat,https://forums.centos.org/memberlist.php?mode=viewprofile&u=31541,28/09/2019,7516,03/09/2006
https://forums.centos.org/viewtopic.php?f=55&t=71854,Brocade 1020 won't work,mros73,https://forums.centos.org/memberlist.php?mode=viewprofile&u=123513,28/09/2019,5,28/09/2019
https://forums.centos.org/viewtopic.php?f=54&t=76392,Is CentOS 8.3 Out or Due Soon?,desertcat,https://forums.centos.org/memberlist.php?mode=viewprofile&u=88201,17/11/2020,843,07/08/2014
https://forums.centos.org/viewtopic.php?f=54&t=76316,GSOD - Grey Screen Of Death,SecCon,https://forums.centos.org/memberlist.php?mode=viewprofile&u=128638,10/11/2020,25,26/10/2020
https://forums.centos.org/viewtopic.php?f=55&t=71854,Brocade 1020 won't work,toracat,https://forums.centos.org/memberlist.php?mode=viewprofile&u=31541,29/09/2019,7516,03/09/2006
https://forums.centos.org/viewtopic.php?f=55&t=71854,Brocade 1020 won't work,mros73,https://forums.centos.org/memberlist.php?mode=viewprofile&u=123513,29/09/2019,5,28/09/2019
https://forums.centos.org/viewtopic.php?f=55&t=71854,Brocade 1020 won't work,toracat,https://forums.centos.org/memberlist.php?mode=viewprofile&u=31541,29/09/2019,7516,03/09/2006
https://forums.centos.org/viewtopic.php?f=54&t=76392,Is CentOS 8.3 Out or Due Soon?,TrevorH,https://forums.centos.org/memberlist.php?mode=viewprofile&u=42237,17/11/2020,32873,24/09/2009
https://forums.centos.org/viewtopic.php?f=54&t=76316,GSOD - Grey Screen Of Death,BShT,https://forums.centos.org/memberlist.php?mode=viewprofile&u=123726,10/11/2020,572,09/10/2019
https://forums.centos.org/viewtopic.php?f=54&t=76316,GSOD - Grey Screen Of Death,SecCon,https://forums.centos.org/memberlist.php?mode=viewprofile&u=128638,10/11/2020,25,26/10/2020
https://forums.centos.org/viewtopic.php?f=54&t=76316,GSOD - Grey Screen Of Death,SecCon,https://forums.centos.org/memberlist.php?mode=viewprofile&u=128638,10/11/2020,25,26/10/2020
https://forums.centos.org/viewtopic.php?f=55&t=71854,Brocade 1020 won't work,@Bruno,https://forums.centos.org/memberlist.php?mode=viewprofile&u=123575,01/10/2019,1,01/10/2019
https://forums.centos.org/viewtopic.php?f=54&t=76392,Is CentOS 8.3 Out or Due Soon?,TrevorH,https://forums.centos.org/memberlist.php?mode=viewprofile&u=42237,17/11/2020,32873,24/09/2009
https://forums.centos.org/viewtopic.php?f=54&t=76392,Is CentOS 8.3 Out or Due Soon?,KernelOops,https://forums.centos.org/memberlist.php?mode=viewprofile&u=83383,17/11/2020,428,18/12/2013
https://forums.centos.org/viewtopic.php?f=54&t=76392,Is CentOS 8.3 Out or Due Soon?,tunk,https://forums.centos.org/memberlist.php?mode=viewprofile&u=110413,17/11/2020,1185,22/02/2017
https://forums.centos.org/viewtopic.php?f=54&t=76316,GSOD - Grey Screen Of Death,KernelOops,https://forums.centos.org/memberlist.php?mode=viewprofile&u=83383,10/11/2020,428,18/12/2013
https://forums.centos.org/viewtopic.php?f=54&t=76316,GSOD - Grey Screen Of Death,SecCon,https://forums.centos.org/memberlist.php?mode=viewprofile&u=128638,10/11/2020,25,26/10/2020
https://forums.centos.org/viewtopic.php?f=54&t=76316,GSOD - Grey Screen Of Death,tunk,https://forums.centos.org/memberlist.php?mode=viewprofile&u=110413,10/11/2020,1185,22/02/2017
https://forums.centos.org/viewtopic.php?f=54&t=76316,GSOD - Grey Screen Of Death,SecCon,https://forums.centos.org/memberlist.php?mode=viewprofile&u=128638,10/11/2020,25,26/10/2020
https://forums.centos.org/viewtopic.php?f=54&t=71734,The CentOS 8 forums are open,TrevorH,https://forums.centos.org/memberlist.php?mode=viewprofile&u=42237,24/09/2019,32873,24/09/2009
https://forums.centos.org/viewtopic.php?f=54&t=71734,The CentOS 8 forums are open,hbr,https://forums.centos.org/memberlist.php?mode=viewprofile&u=123389,24/09/2019,1,24/09/2019
https://forums.centos.org/viewtopic.php?f=54&t=71734,The CentOS 8 forums are open,Hix,https://forums.centos.org/memberlist.php?mode=viewprofile&u=123196,24/09/2019,23,10/09/2019
https://forums.centos.org/viewtopic.php?f=54&t=71734,The CentOS 8 forums are open,Legomaniac,https://forums.centos.org/memberlist.php?mode=viewprofile&u=123409,24/09/2019,1,24/09/2019
https://forums.centos.org/viewtopic.php?f=54&t=76477,CentOS 8: X Colormap problem to Xwfb and MobaXterm,dewaalk,https://forums.centos.org/memberlist.php?mode=viewprofile&u=129001,25/11/2020,1,25/11/2020
https://forums.centos.org/viewtopic.php?f=54&t=76476,Version of Ghostscript,lukeyvader,https://forums.centos.org/memberlist.php?mode=viewprofile&u=129000,25/11/2020,1,25/11/2020
https://forums.centos.org/viewtopic.php?f=54&t=76476,Version of Ghostscript,TrevorH,https://forums.centos.org/memberlist.php?mode=viewprofile&u=42237,25/11/2020,32873,24/09/2009
https://forums.centos.org/viewtopic.php?f=55&t=73137,Intel Wireless 7265 on CentOS 8 [SOLVED],tstrike,https://forums.centos.org/memberlist.php?mode=viewprofile&u=43937,16/01/2020,7,24/02/2010
https://forums.centos.org/viewtopic.php?f=55&t=73137,Intel Wireless 7265 on CentOS 8 [SOLVED],TrevorH,https://forums.centos.org/memberlist.php?mode=viewprofile&u=42237,16/01/2020,32873,24/09/2009
https://forums.centos.org/viewtopic.php?f=55&t=73137,Intel Wireless 7265 on CentOS 8 [SOLVED],tstrike,https://forums.centos.org/memberlist.php?mode=viewprofile&u=43937,16/01/2020,7,24/02/2010
https://forums.centos.org/viewtopic.php?f=55&t=73137,Intel Wireless 7265 on CentOS 8 [SOLVED],TrevorH,https://forums.centos.org/memberlist.php?mode=viewprofile&u=42237,16/01/2020,32873,24/09/2009
https://forums.centos.org/viewtopic.php?f=54&t=76459,PATH VARIABLE,paulo_silvaa,https://forums.centos.org/memberlist.php?mode=viewprofile&u=128981,24/11/2020,2,24/11/2020
https://forums.centos.org/viewtopic.php?f=55&t=73137,Intel Wireless 7265 on CentOS 8 [SOLVED],tstrike,https://forums.centos.org/memberlist.php?mode=viewprofile&u=43937,16/01/2020,7,24/02/2010
https://forums.centos.org/viewtopic.php?f=55&t=73137,Intel Wireless 7265 on CentOS 8 [SOLVED],tstrike,https://forums.centos.org/memberlist.php?mode=viewprofile&u=43937,16/01/2020,7,24/02/2010
https://forums.centos.org/viewtopic.php?f=54&t=76459,PATH VARIABLE,pjsr2,https://forums.centos.org/memberlist.php?mode=viewprofile&u=85234,25/11/2020,610,27/03/2014
https://forums.centos.org/viewtopic.php?f=54&t=76459,PATH VARIABLE,jlehtone,https://forums.centos.org/memberlist.php?mode=viewprofile&u=35850,25/11/2020,4364,11/12/2007
https://forums.centos.org/viewtopic.php?f=55&t=73137,Intel Wireless 7265 on CentOS 8 [SOLVED],TrevorH,https://forums.centos.org/memberlist.php?mode=viewprofile&u=42237,16/01/2020,32873,24/09/2009
https://forums.centos.org/viewtopic.php?f=55&t=72494,NVidia NVS-315 support,Merlin75,https://forums.centos.org/memberlist.php?mode=viewprofile&u=113607,14/11/2019,3,06/09/2017
https://forums.centos.org/viewtopic.php?f=55&t=73137,Intel Wireless 7265 on CentOS 8 [SOLVED],tstrike,https://forums.centos.org/memberlist.php?mode=viewprofile&u=43937,17/01/2020,7,24/02/2010
https://forums.centos.org/viewtopic.php?f=55&t=72494,NVidia NVS-315 support,KernelOops,https://forums.centos.org/memberlist.php?mode=viewprofile&u=83383,16/11/2019,428,18/12/2013
https://forums.centos.org/viewtopic.php?f=55&t=72494,NVidia NVS-315 support,Merlin75,https://forums.centos.org/memberlist.php?mode=viewprofile&u=113607,19/11/2019,3,06/09/2017
https://forums.centos.org/viewtopic.php?f=55&t=73137,Intel Wireless 7265 on CentOS 8 [SOLVED],TrevorH,https://forums.centos.org/memberlist.php?mode=viewprofile&u=42237,17/01/2020,32873,24/09/2009
https://forums.centos.org/viewtopic.php?f=55&t=72494,NVidia NVS-315 support,chemal,https://forums.centos.org/memberlist.php?mode=viewprofile&u=83189,20/11/2019,776,08/12/2013
https://forums.centos.org/viewtopic.php?f=55&t=72494,NVidia NVS-315 support,chemal,https://forums.centos.org/memberlist.php?mode=viewprofile&u=83189,21/11/2019,776,08/12/2013
https://forums.centos.org/viewtopic.php?f=54&t=76409,Is there a hibernate button?,search4workingdistro,https://forums.centos.org/memberlist.php?mode=viewprofile&u=128915,18/11/2020,59,18/11/2020
https://forums.centos.org/viewtopic.php?f=54&t=76387,vncserver failed,ShinShin,https://forums.centos.org/memberlist.php?mode=viewprofile&u=128896,17/11/2020,3,16/11/2020
https://forums.centos.org/viewtopic.php?f=54&t=76469,The YUM rescue mode command is not running,dimasd,https://forums.centos.org/memberlist.php?mode=viewprofile&u=128992,24/11/2020,7,24/11/2020
https://forums.centos.org/viewtopic.php?f=55&t=72494,NVidia NVS-315 support,RalphBoots,https://forums.centos.org/memberlist.php?mode=viewprofile&u=124964,14/01/2020,1,08/01/2020
https://forums.centos.org/viewtopic.php?f=54&t=76491,Keyboard and Mouse regularly stop responding - must power computer of with the button.,Delpux,https://forums.centos.org/memberlist.php?mode=viewprofile&u=129021,27/11/2020,3,27/11/2020
https://forums.centos.org/viewtopic.php?f=54&t=76409,Is there a hibernate button?,George99,https://forums.centos.org/memberlist.php?mode=viewprofile&u=64703,18/11/2020,73,08/09/2013
https://forums.centos.org/viewtopic.php?f=54&t=76387,vncserver failed,TrevorH,https://forums.centos.org/memberlist.php?mode=viewprofile&u=42237,17/11/2020,32873,24/09/2009
https://forums.centos.org/viewtopic.php?f=54&t=76387,vncserver failed,ShinShin,https://forums.centos.org/memberlist.php?mode=viewprofile&u=128896,17/11/2020,3,16/11/2020
https://forums.centos.org/viewtopic.php?f=54&t=76387,vncserver failed,gerry666uk,https://forums.centos.org/memberlist.php?mode=viewprofile&u=125381,23/11/2020,98,10/02/2020
https://forums.centos.org/viewtopic.php?f=54&t=76469,The YUM rescue mode command is not running,lightman47,https://forums.centos.org/memberlist.php?mode=viewprofile&u=86190,24/11/2020,1483,21/05/2014
https://forums.centos.org/viewtopic.php?f=54&t=76469,The YUM rescue mode command is not running,TrevorH,https://forums.centos.org/memberlist.php?mode=viewprofile&u=42237,25/11/2020,32873,24/09/2009
https://forums.centos.org/viewtopic.php?f=54&t=76491,Keyboard and Mouse regularly stop responding - must power computer of with the button.,TrevorH,https://forums.centos.org/memberlist.php?mode=viewprofile&u=42237,27/11/2020,32873,24/09/2009
https://forums.centos.org/viewtopic.php?f=54&t=76409,Is there a hibernate button?,search4workingdistro,https://forums.centos.org/memberlist.php?mode=viewprofile&u=128915,18/11/2020,59,18/11/2020
https://forums.centos.org/viewtopic.php?f=54&t=76457,Mail server,Tocomy,https://forums.centos.org/memberlist.php?mode=viewprofile&u=128980,23/11/2020,2,23/11/2020
https://forums.centos.org/viewtopic.php?f=54&t=76387,vncserver failed,ShinShin,https://forums.centos.org/memberlist.php?mode=viewprofile&u=128896,26/11/2020,3,16/11/2020
https://forums.centos.org/viewtopic.php?f=54&t=76387,vncserver failed,gerry666uk,https://forums.centos.org/memberlist.php?mode=viewprofile&u=125381,26/11/2020,98,10/02/2020
https://forums.centos.org/viewtopic.php?f=54&t=76491,Keyboard and Mouse regularly stop responding - must power computer of with the button.,Delpux,https://forums.centos.org/memberlist.php?mode=viewprofile&u=129021,27/11/2020,3,27/11/2020
https://forums.centos.org/viewtopic.php?f=54&t=76491,Keyboard and Mouse regularly stop responding - must power computer of with the button.,Delpux,https://forums.centos.org/memberlist.php?mode=viewprofile&u=129021,27/11/2020,3,27/11/2020
https://forums.centos.org/viewtopic.php?f=54&t=76409,Is there a hibernate button?,search4workingdistro,https://forums.centos.org/memberlist.php?mode=viewprofile&u=128915,26/11/2020,59,18/11/2020
https://forums.centos.org/viewtopic.php?f=54&t=76409,Is there a hibernate button?,George99,https://forums.centos.org/memberlist.php?mode=viewprofile&u=64703,27/11/2020,73,08/09/2013
https://forums.centos.org/viewtopic.php?f=54&t=76457,Mail server,KernelOops,https://forums.centos.org/memberlist.php?mode=viewprofile&u=83383,24/11/2020,428,18/12/2013
https://forums.centos.org/viewtopic.php?f=54&t=76457,Mail server,Tocomy,https://forums.centos.org/memberlist.php?mode=viewprofile&u=128980,26/11/2020,2,23/11/2020
https://forums.centos.org/viewtopic.php?f=54&t=76491,Keyboard and Mouse regularly stop responding - must power computer of with the button.,TrevorH,https://forums.centos.org/memberlist.php?mode=viewprofile&u=42237,27/11/2020,32873,24/09/2009
https://forums.centos.org/viewtopic.php?f=54&t=76409,Is there a hibernate button?,tezada,https://forums.centos.org/memberlist.php?mode=viewprofile&u=128710,27/11/2020,6,31/10/2020
https://forums.centos.org/viewtopic.php?f=54&t=76471,rsyslog not logging,mauricioseis,https://forums.centos.org/memberlist.php?mode=viewprofile&u=128003,24/11/2020,17,08/09/2020
https://forums.centos.org/viewtopic.php?f=54&t=76395,Bash xxxx event not found,mauricioseis,https://forums.centos.org/memberlist.php?mode=viewprofile&u=128003,17/11/2020,17,08/09/2020
https://forums.centos.org/viewtopic.php?f=54&t=76457,Mail server,KernelOops,https://forums.centos.org/memberlist.php?mode=viewprofile&u=83383,26/11/2020,428,18/12/2013
https://forums.centos.org/viewtopic.php?f=54&t=76471,rsyslog not logging,paulo_silvaa,https://forums.centos.org/memberlist.php?mode=viewprofile&u=128981,25/11/2020,2,24/11/2020
https://forums.centos.org/viewtopic.php?f=54&t=76471,rsyslog not logging,mauricioseis,https://forums.centos.org/memberlist.php?mode=viewprofile&u=128003,25/11/2020,17,08/09/2020
https://forums.centos.org/viewtopic.php?f=54&t=76395,Bash xxxx event not found,BShT,https://forums.centos.org/memberlist.php?mode=viewprofile&u=123726,17/11/2020,572,09/10/2019
https://forums.centos.org/viewtopic.php?f=54&t=76395,Bash xxxx event not found,TrevorH,https://forums.centos.org/memberlist.php?mode=viewprofile&u=42237,17/11/2020,32873,24/09/2009
https://forums.centos.org/viewtopic.php?f=54&t=76471,rsyslog not logging,TrevorH,https://forums.centos.org/memberlist.php?mode=viewprofile&u=42237,25/11/2020,32873,24/09/2009
https://forums.centos.org/viewtopic.php?f=54&t=76471,rsyslog not logging,ocs,https://forums.centos.org/memberlist.php?mode=viewprofile&u=128900,26/11/2020,4,17/11/2020
https://forums.centos.org/viewtopic.php?f=54&t=76498,centos to windows domain,sajigod,https://forums.centos.org/memberlist.php?mode=viewprofile&u=128998,28/11/2020,4,25/11/2020
https://forums.centos.org/viewtopic.php?f=54&t=76493,Open SSH & PHP versions,optikab,https://forums.centos.org/memberlist.php?mode=viewprofile&u=83890,27/11/2020,40,19/01/2014
https://forums.centos.org/viewtopic.php?f=54&t=76493,Open SSH & PHP versions,TrevorH,https://forums.centos.org/memberlist.php?mode=viewprofile&u=42237,27/11/2020,32873,24/09/2009
https://forums.centos.org/viewtopic.php?f=54&t=76493,Open SSH & PHP versions,optikab,https://forums.centos.org/memberlist.php?mode=viewprofile&u=83890,27/11/2020,40,19/01/2014
https://forums.centos.org/viewtopic.php?f=54&t=76493,Open SSH & PHP versions,remirepo,https://forums.centos.org/memberlist.php?mode=viewprofile&u=89794,27/11/2020,445,21/09/2014
https://forums.centos.org/viewtopic.php?f=54&t=76493,Open SSH & PHP versions,optikab,https://forums.centos.org/memberlist.php?mode=viewprofile&u=83890,27/11/2020,40,19/01/2014
https://forums.centos.org/viewtopic.php?f=54&t=75432,"Centos 8, UEFI and software RAID",swallowtail,https://forums.centos.org/memberlist.php?mode=viewprofile&u=40695,24/08/2020,112,18/04/2009
https://forums.centos.org/viewtopic.php?f=54&t=76493,Open SSH & PHP versions,TrevorH,https://forums.centos.org/memberlist.php?mode=viewprofile&u=42237,27/11/2020,32873,24/09/2009
https://forums.centos.org/viewtopic.php?f=54&t=76493,Open SSH & PHP versions,optikab,https://forums.centos.org/memberlist.php?mode=viewprofile&u=83890,27/11/2020,40,19/01/2014
https://forums.centos.org/viewtopic.php?f=54&t=75432,"Centos 8, UEFI and software RAID",swallowtail,https://forums.centos.org/memberlist.php?mode=viewprofile&u=40695,24/08/2020,112,18/04/2009
https://forums.centos.org/viewtopic.php?f=54&t=75432,"Centos 8, UEFI and software RAID",swallowtail,https://forums.centos.org/memberlist.php?mode=viewprofile&u=40695,24/08/2020,112,18/04/2009
https://forums.centos.org/viewtopic.php?f=54&t=75432,"Centos 8, UEFI and software RAID",swallowtail,https://forums.centos.org/memberlist.php?mode=viewprofile&u=40695,27/08/2020,112,18/04/2009
https://forums.centos.org/viewtopic.php?f=54&t=75432,"Centos 8, UEFI and software RAID",jlehtone,https://forums.centos.org/memberlist.php?mode=viewprofile&u=35850,28/08/2020,4364,11/12/2007
https://forums.centos.org/viewtopic.php?f=54&t=75432,"Centos 8, UEFI and software RAID",swallowtail,https://forums.centos.org/memberlist.php?mode=viewprofile&u=40695,28/08/2020,112,18/04/2009
https://forums.centos.org/viewtopic.php?f=54&t=76487,Latest version MinGW,SillieWous,https://forums.centos.org/memberlist.php?mode=viewprofile&u=129014,26/11/2020,3,26/11/2020
https://forums.centos.org/viewtopic.php?f=54&t=75432,"Centos 8, UEFI and software RAID",jlehtone,https://forums.centos.org/memberlist.php?mode=viewprofile&u=35850,28/08/2020,4364,11/12/2007
https://forums.centos.org/viewtopic.php?f=54&t=75432,"Centos 8, UEFI and software RAID",swallowtail,https://forums.centos.org/memberlist.php?mode=viewprofile&u=40695,30/08/2020,112,18/04/2009
https://forums.centos.org/viewtopic.php?f=54&t=75432,"Centos 8, UEFI and software RAID",swallowtail,https://forums.centos.org/memberlist.php?mode=viewprofile&u=40695,30/08/2020,112,18/04/2009
https://forums.centos.org/viewtopic.php?f=54&t=75432,"Centos 8, UEFI and software RAID",Clovis_Sangrail,https://forums.centos.org/memberlist.php?mode=viewprofile&u=104741,25/11/2020,25,19/04/2016
https://forums.centos.org/viewtopic.php?f=54&t=76487,Latest version MinGW,TrevorH,https://forums.centos.org/memberlist.php?mode=viewprofile&u=42237,26/11/2020,32873,24/09/2009
https://forums.centos.org/viewtopic.php?f=54&t=76487,Latest version MinGW,SillieWous,https://forums.centos.org/memberlist.php?mode=viewprofile&u=129014,27/11/2020,3,26/11/2020
https://forums.centos.org/viewtopic.php?f=54&t=76487,Latest version MinGW,owl102,https://forums.centos.org/memberlist.php?mode=viewprofile&u=86502,27/11/2020,412,10/06/2014
https://forums.centos.org/viewtopic.php?f=54&t=76487,Latest version MinGW,SillieWous,https://forums.centos.org/memberlist.php?mode=viewprofile&u=129014,28/11/2020,3,26/11/2020
https://forums.centos.org/viewtopic.php?f=54&t=76499,dual boot,sajigod,https://forums.centos.org/memberlist.php?mode=viewprofile&u=128998,28/11/2020,4,25/11/2020
https://forums.centos.org/viewtopic.php?f=54&t=75912,CentOS does not show up as boot option in BIOS,jimbux,https://forums.centos.org/memberlist.php?mode=viewprofile&u=53180,07/10/2020,59,28/11/2011
https://forums.centos.org/viewtopic.php?f=54&t=75912,CentOS does not show up as boot option in BIOS,BShT,https://forums.centos.org/memberlist.php?mode=viewprofile&u=123726,07/10/2020,572,09/10/2019
https://forums.centos.org/viewtopic.php?f=54&t=75912,CentOS does not show up as boot option in BIOS,jimbux,https://forums.centos.org/memberlist.php?mode=viewprofile&u=53180,07/10/2020,59,28/11/2011
https://forums.centos.org/viewtopic.php?f=54&t=75912,CentOS does not show up as boot option in BIOS,mathog,https://forums.centos.org/memberlist.php?mode=viewprofile&u=38014,07/10/2020,258,09/07/2008
https://forums.centos.org/viewtopic.php?f=54&t=75912,CentOS does not show up as boot option in BIOS,jimbux,https://forums.centos.org/memberlist.php?mode=viewprofile&u=53180,08/10/2020,59,28/11/2011
https://forums.centos.org/viewtopic.php?f=54&t=75912,CentOS does not show up as boot option in BIOS,jimbux,https://forums.centos.org/memberlist.php?mode=viewprofile&u=53180,08/10/2020,59,28/11/2011
https://forums.centos.org/viewtopic.php?f=54&t=75912,CentOS does not show up as boot option in BIOS,jimbux,https://forums.centos.org/memberlist.php?mode=viewprofile&u=53180,08/10/2020,59,28/11/2011
https://forums.centos.org/viewtopic.php?f=54&t=75912,CentOS does not show up as boot option in BIOS,jimbux,https://forums.centos.org/memberlist.php?mode=viewprofile&u=53180,08/10/2020,59,28/11/2011
https://forums.centos.org/viewtopic.php?f=54&t=75912,CentOS does not show up as boot option in BIOS,jlehtone,https://forums.centos.org/memberlist.php?mode=viewprofile&u=35850,08/10/2020,4364,11/12/2007
https://forums.centos.org/viewtopic.php?f=54&t=75912,CentOS does not show up as boot option in BIOS,jimbux,https://forums.centos.org/memberlist.php?mode=viewprofile&u=53180,08/10/2020,59,28/11/2011
https://forums.centos.org/viewtopic.php?f=54&t=76501,VNC Server failing to start,PCrighton2,https://forums.centos.org/memberlist.php?mode=viewprofile&u=123445,28/11/2020,21,25/09/2019
https://forums.centos.org/viewtopic.php?f=54&t=76501,VNC Server failing to start,TrevorH,https://forums.centos.org/memberlist.php?mode=viewprofile&u=42237,28/11/2020,32873,24/09/2009
https://forums.centos.org/viewtopic.php?f=54&t=76501,VNC Server failing to start,PCrighton2,https://forums.centos.org/memberlist.php?mode=viewprofile&u=123445,28/11/2020,21,25/09/2019
https://forums.centos.org/viewtopic.php?f=54&t=76501,VNC Server failing to start,TrevorH,https://forums.centos.org/memberlist.php?mode=viewprofile&u=42237,28/11/2020,32873,24/09/2009
https://forums.centos.org/viewtopic.php?f=54&t=76501,VNC Server failing to start,PCrighton2,https://forums.centos.org/memberlist.php?mode=viewprofile&u=123445,29/11/2020,21,25/09/2019
https://forums.centos.org/viewtopic.php?f=54&t=76501,VNC Server failing to start,TrevorH,https://forums.centos.org/memberlist.php?mode=viewprofile&u=42237,29/11/2020,32873,24/09/2009
https://forums.centos.org/viewtopic.php?f=54&t=76501,VNC Server failing to start,PCrighton2,https://forums.centos.org/memberlist.php?mode=viewprofile&u=123445,29/11/2020,21,25/09/2019
https://forums.centos.org/viewtopic.php?f=54&t=76501,VNC Server failing to start,TrevorH,https://forums.centos.org/memberlist.php?mode=viewprofile&u=42237,29/11/2020,32873,24/09/2009
https://forums.centos.org/viewtopic.php?f=54&t=76512,CentOS 8 kickstart with encrypted partition,ttyz,https://forums.centos.org/memberlist.php?mode=viewprofile&u=126616,30/11/2020,9,19/05/2020
https://forums.centos.org/viewtopic.php?f=54&t=76522,Postfix support for TLS deprecated protocols,moray77,https://forums.centos.org/memberlist.php?mode=viewprofile&u=129061,30/11/2020,1,30/11/2020
https://forums.centos.org/viewtopic.php?f=54&t=76522,Postfix support for TLS deprecated protocols,TrevorH,https://forums.centos.org/memberlist.php?mode=viewprofile&u=42237,30/11/2020,32873,24/09/2009
https://forums.centos.org/viewtopic.php?f=54&t=76522,Postfix support for TLS deprecated protocols,KernelOops,https://forums.centos.org/memberlist.php?mode=viewprofile&u=83383,30/11/2020,428,18/12/2013
https://forums.centos.org/viewtopic.php?f=54&t=76513,Long delay between main grub screen (kernel choice) and really boot,juvie,https://forums.centos.org/memberlist.php?mode=viewprofile&u=128821,30/11/2020,2,10/11/2020
https://forums.centos.org/viewtopic.php?f=54&t=76521,Centos 8 virtualbox 6.1 on Windows 10,rdhing,https://forums.centos.org/memberlist.php?mode=viewprofile&u=129060,30/11/2020,1,30/11/2020
https://forums.centos.org/viewtopic.php?f=54&t=76521,Centos 8 virtualbox 6.1 on Windows 10,TrevorH,https://forums.centos.org/memberlist.php?mode=viewprofile&u=42237,30/11/2020,32873,24/09/2009
https://forums.centos.org/viewtopic.php?f=54&t=76521,Centos 8 virtualbox 6.1 on Windows 10,owl102,https://forums.centos.org/memberlist.php?mode=viewprofile&u=86502,30/11/2020,412,10/06/2014
https://forums.centos.org/viewtopic.php?f=54&t=76527,PostFix MailServer,rpshan,https://forums.centos.org/memberlist.php?mode=viewprofile&u=129063,30/11/2020,2,30/11/2020
https://forums.centos.org/viewtopic.php?f=54&t=76527,PostFix MailServer,TrevorH,https://forums.centos.org/memberlist.php?mode=viewprofile&u=42237,30/11/2020,32873,24/09/2009
https://forums.centos.org/viewtopic.php?f=54&t=76527,PostFix MailServer,rpshan,https://forums.centos.org/memberlist.php?mode=viewprofile&u=129063,01/12/2020,2,30/11/2020
https://forums.centos.org/viewtopic.php?f=54&t=76528,"Centos 8.0 no updates, no upgrade",PhilipPeake,https://forums.centos.org/memberlist.php?mode=viewprofile&u=129064,30/11/2020,5,30/11/2020
https://forums.centos.org/viewtopic.php?f=54&t=76528,"Centos 8.0 no updates, no upgrade",TrevorH,https://forums.centos.org/memberlist.php?mode=viewprofile&u=42237,30/11/2020,32873,24/09/2009
https://forums.centos.org/viewtopic.php?f=54&t=76528,"Centos 8.0 no updates, no upgrade",PhilipPeake,https://forums.centos.org/memberlist.php?mode=viewprofile&u=129064,30/11/2020,5,30/11/2020
https://forums.centos.org/viewtopic.php?f=54&t=76528,"Centos 8.0 no updates, no upgrade",TrevorH,https://forums.centos.org/memberlist.php?mode=viewprofile&u=42237,30/11/2020,32873,24/09/2009
https://forums.centos.org/viewtopic.php?f=54&t=76528,"Centos 8.0 no updates, no upgrade",PhilipPeake,https://forums.centos.org/memberlist.php?mode=viewprofile&u=129064,30/11/2020,5,30/11/2020
https://forums.centos.org/viewtopic.php?f=55&t=73164,Mellanox ConnectX-2 EN,Xenorites,https://forums.centos.org/memberlist.php?mode=viewprofile&u=125090,18/01/2020,3,18/01/2020
https://forums.centos.org/viewtopic.php?f=54&t=76528,"Centos 8.0 no updates, no upgrade",PhilipPeake,https://forums.centos.org/memberlist.php?mode=viewprofile&u=129064,30/11/2020,5,30/11/2020
https://forums.centos.org/viewtopic.php?f=54&t=76528,"Centos 8.0 no updates, no upgrade",TrevorH,https://forums.centos.org/memberlist.php?mode=viewprofile&u=42237,30/11/2020,32873,24/09/2009
https://forums.centos.org/viewtopic.php?f=54&t=76528,"Centos 8.0 no updates, no upgrade",PhilipPeake,https://forums.centos.org/memberlist.php?mode=viewprofile&u=129064,30/11/2020,5,30/11/2020
https://forums.centos.org/viewtopic.php?f=54&t=76528,"Centos 8.0 no updates, no upgrade",jlehtone,https://forums.centos.org/memberlist.php?mode=viewprofile&u=35850,30/11/2020,4364,11/12/2007
https://forums.centos.org/viewtopic.php?f=55&t=72621,CentOS doesn't see HDD on Dell R710 Server,jeremiahlandi,https://forums.centos.org/memberlist.php?mode=viewprofile&u=124423,26/11/2019,1,26/11/2019
https://forums.centos.org/viewtopic.php?f=55&t=72621,CentOS doesn't see HDD on Dell R710 Server,TrevorH,https://forums.centos.org/memberlist.php?mode=viewprofile&u=42237,26/11/2019,32873,24/09/2009
https://forums.centos.org/viewtopic.php?f=55&t=72621,CentOS doesn't see HDD on Dell R710 Server,Xenorites,https://forums.centos.org/memberlist.php?mode=viewprofile&u=125090,18/01/2020,3,18/01/2020
https://forums.centos.org/viewtopic.php?f=54&t=76492,NVIDIA,sajigod,https://forums.centos.org/memberlist.php?mode=viewprofile&u=128998,27/11/2020,4,25/11/2020
https://forums.centos.org/viewtopic.php?f=54&t=76519,mysql++ and mysql++-devel,Banir,https://forums.centos.org/memberlist.php?mode=viewprofile&u=124831,30/11/2020,5,28/12/2019
https://forums.centos.org/viewtopic.php?f=54&t=76492,NVIDIA,TrevorH,https://forums.centos.org/memberlist.php?mode=viewprofile&u=42237,27/11/2020,32873,24/09/2009
https://forums.centos.org/viewtopic.php?f=54&t=76492,NVIDIA,sajigod,https://forums.centos.org/memberlist.php?mode=viewprofile&u=128998,28/11/2020,4,25/11/2020
https://forums.centos.org/viewtopic.php?f=54&t=76492,NVIDIA,tezada,https://forums.centos.org/memberlist.php?mode=viewprofile&u=128710,28/11/2020,6,31/10/2020
https://forums.centos.org/viewtopic.php?f=54&t=76492,NVIDIA,TrevorH,https://forums.centos.org/memberlist.php?mode=viewprofile&u=42237,28/11/2020,32873,24/09/2009
https://forums.centos.org/viewtopic.php?f=54&t=76519,mysql++ and mysql++-devel,jlehtone,https://forums.centos.org/memberlist.php?mode=viewprofile&u=35850,30/11/2020,4364,11/12/2007
https://forums.centos.org/viewtopic.php?f=54&t=76519,mysql++ and mysql++-devel,Banir,https://forums.centos.org/memberlist.php?mode=viewprofile&u=124831,30/11/2020,5,28/12/2019
https://forums.centos.org/viewtopic.php?f=54&t=76519,mysql++ and mysql++-devel,TrevorH,https://forums.centos.org/memberlist.php?mode=viewprofile&u=42237,30/11/2020,32873,24/09/2009
https://forums.centos.org/viewtopic.php?f=54&t=76519,mysql++ and mysql++-devel,Banir,https://forums.centos.org/memberlist.php?mode=viewprofile&u=124831,30/11/2020,5,28/12/2019
https://forums.centos.org/viewtopic.php?f=54&t=76492,NVIDIA,tezada,https://forums.centos.org/memberlist.php?mode=viewprofile&u=128710,28/11/2020,6,31/10/2020
https://forums.centos.org/viewtopic.php?f=54&t=76492,NVIDIA,TrevorH,https://forums.centos.org/memberlist.php?mode=viewprofile&u=42237,28/11/2020,32873,24/09/2009
https://forums.centos.org/viewtopic.php?f=54&t=76492,NVIDIA,tezada,https://forums.centos.org/memberlist.php?mode=viewprofile&u=128710,28/11/2020,6,31/10/2020
https://forums.centos.org/viewtopic.php?f=55&t=73135,[Solved] RAID controller setup question,rafbda,https://forums.centos.org/memberlist.php?mode=viewprofile&u=125067,16/01/2020,3,16/01/2020
https://forums.centos.org/viewtopic.php?f=55&t=73135,[Solved] RAID controller setup question,TrevorH,https://forums.centos.org/memberlist.php?mode=viewprofile&u=42237,16/01/2020,32873,24/09/2009
https://forums.centos.org/viewtopic.php?f=55&t=73135,[Solved] RAID controller setup question,rafbda,https://forums.centos.org/memberlist.php?mode=viewprofile&u=125067,17/01/2020,3,16/01/2020
https://forums.centos.org/viewtopic.php?f=55&t=73135,[Solved] RAID controller setup question,Xenorites,https://forums.centos.org/memberlist.php?mode=viewprofile&u=125090,18/01/2020,3,18/01/2020
https://forums.centos.org/viewtopic.php?f=55&t=73135,[Solved] RAID controller setup question,rafbda,https://forums.centos.org/memberlist.php?mode=viewprofile&u=125067,20/01/2020,3,16/01/2020
https://forums.centos.org/viewtopic.php?f=55&t=73130,dual screens fail [SOLVED],stressedTree,https://forums.centos.org/memberlist.php?mode=viewprofile&u=125064,16/01/2020,10,16/01/2020
https://forums.centos.org/viewtopic.php?f=55&t=73130,dual screens fail [SOLVED],TrevorH,https://forums.centos.org/memberlist.php?mode=viewprofile&u=42237,16/01/2020,32873,24/09/2009
https://forums.centos.org/viewtopic.php?f=55&t=72776,Installed NVIDIA driver - but can't get it to kick in,epk3,https://forums.centos.org/memberlist.php?mode=viewprofile&u=124622,11/12/2019,2,11/12/2019
https://forums.centos.org/viewtopic.php?f=54&t=75432&start=10,"Centos 8, UEFI and software RAID",swallowtail,https://forums.centos.org/memberlist.php?mode=viewprofile&u=40695,26/11/2020,112,18/04/2009
https://forums.centos.org/viewtopic.php?f=55&t=73130,dual screens fail [SOLVED],stressedTree,https://forums.centos.org/memberlist.php?mode=viewprofile&u=125064,16/01/2020,10,16/01/2020
https://forums.centos.org/viewtopic.php?f=55&t=73130,dual screens fail [SOLVED],TrevorH,https://forums.centos.org/memberlist.php?mode=viewprofile&u=42237,16/01/2020,32873,24/09/2009
https://forums.centos.org/viewtopic.php?f=55&t=73130,dual screens fail [SOLVED],stressedTree,https://forums.centos.org/memberlist.php?mode=viewprofile&u=125064,17/01/2020,10,16/01/2020
https://forums.centos.org/viewtopic.php?f=55&t=72776,Installed NVIDIA driver - but can't get it to kick in,TrevorH,https://forums.centos.org/memberlist.php?mode=viewprofile&u=42237,11/12/2019,32873,24/09/2009
https://forums.centos.org/viewtopic.php?f=55&t=72776,Installed NVIDIA driver - but can't get it to kick in,epk3,https://forums.centos.org/memberlist.php?mode=viewprofile&u=124622,11/12/2019,2,11/12/2019
https://forums.centos.org/viewtopic.php?f=55&t=72776,Installed NVIDIA driver - but can't get it to kick in,jlehtone,https://forums.centos.org/memberlist.php?mode=viewprofile&u=35850,11/12/2019,4364,11/12/2007
https://forums.centos.org/viewtopic.php?f=55&t=72776,Installed NVIDIA driver - but can't get it to kick in,Saladin,https://forums.centos.org/memberlist.php?mode=viewprofile&u=125164,24/01/2020,1,24/01/2020
https://forums.centos.org/viewtopic.php?f=54&t=75432&start=10,"Centos 8, UEFI and software RAID",Clovis_Sangrail,https://forums.centos.org/memberlist.php?mode=viewprofile&u=104741,27/11/2020,25,19/04/2016
https://forums.centos.org/viewtopic.php?f=54&t=76508,About yum makecache,greenhandzdl,https://forums.centos.org/memberlist.php?mode=viewprofile&u=129046,29/11/2020,3,29/11/2020
https://forums.centos.org/viewtopic.php?f=55&t=73130,dual screens fail [SOLVED],stressedTree,https://forums.centos.org/memberlist.php?mode=viewprofile&u=125064,21/01/2020,10,16/01/2020
https://forums.centos.org/viewtopic.php?f=54&t=75912&start=10,CentOS does not show up as boot option in BIOS,jimbux,https://forums.centos.org/memberlist.php?mode=viewprofile&u=53180,11/10/2020,59,28/11/2011
https://forums.centos.org/viewtopic.php?f=55&t=72776,Installed NVIDIA driver - but can't get it to kick in,aks,https://forums.centos.org/memberlist.php?mode=viewprofile&u=89770,24/01/2020,3073,20/09/2014
https://forums.centos.org/viewtopic.php?f=54&t=76508,About yum makecache,TrevorH,https://forums.centos.org/memberlist.php?mode=viewprofile&u=42237,29/11/2020,32873,24/09/2009
https://forums.centos.org/viewtopic.php?f=54&t=76508,About yum makecache,greenhandzdl,https://forums.centos.org/memberlist.php?mode=viewprofile&u=129046,29/11/2020,3,29/11/2020
https://forums.centos.org/viewtopic.php?f=54&t=76508,About yum makecache,greenhandzdl,https://forums.centos.org/memberlist.php?mode=viewprofile&u=129046,29/11/2020,3,29/11/2020
https://forums.centos.org/viewtopic.php?f=54&t=76508,About yum makecache,TrevorH,https://forums.centos.org/memberlist.php?mode=viewprofile&u=42237,29/11/2020,32873,24/09/2009
https://forums.centos.org/viewtopic.php?f=54&t=75912&start=10,CentOS does not show up as boot option in BIOS,jacusiel,https://forums.centos.org/memberlist.php?mode=viewprofile&u=129003,25/11/2020,2,25/11/2020
https://forums.centos.org/viewtopic.php?f=54&t=75912&start=10,CentOS does not show up as boot option in BIOS,jimbux,https://forums.centos.org/memberlist.php?mode=viewprofile&u=53180,27/11/2020,59,28/11/2011
https://forums.centos.org/viewtopic.php?f=54&t=75912&start=10,CentOS does not show up as boot option in BIOS,jacusiel,https://forums.centos.org/memberlist.php?mode=viewprofile&u=129003,28/11/2020,2,25/11/2020
https://forums.centos.org/viewtopic.php?f=54&t=75912&start=10,CentOS does not show up as boot option in BIOS,TrevorH,https://forums.centos.org/memberlist.php?mode=viewprofile&u=42237,28/11/2020,32873,24/09/2009
https://forums.centos.org/viewtopic.php?f=55&t=73251,Built-in Audio Digital Stereo outputs no sound at all.,SOYEONKIM,https://forums.centos.org/memberlist.php?mode=viewprofile&u=125159,26/01/2020,1,24/01/2020
https://forums.centos.org/viewtopic.php?f=55&t=73241,CentOS 8.1.1911 does not see my JBOD on port multipliers,merlinus,https://forums.centos.org/memberlist.php?mode=viewprofile&u=99864,25/01/2020,4,01/09/2015
https://forums.centos.org/viewtopic.php?f=55&t=73241,CentOS 8.1.1911 does not see my JBOD on port multipliers,merlinus,https://forums.centos.org/memberlist.php?mode=viewprofile&u=99864,26/01/2020,4,01/09/2015
https://forums.centos.org/viewtopic.php?f=55&t=73241,CentOS 8.1.1911 does not see my JBOD on port multipliers,toracat,https://forums.centos.org/memberlist.php?mode=viewprofile&u=31541,26/01/2020,7516,03/09/2006
https://forums.centos.org/viewtopic.php?f=55&t=73241,CentOS 8.1.1911 does not see my JBOD on port multipliers,merlinus,https://forums.centos.org/memberlist.php?mode=viewprofile&u=99864,26/01/2020,4,01/09/2015
https://forums.centos.org/viewtopic.php?f=55&t=73241,CentOS 8.1.1911 does not see my JBOD on port multipliers,toracat,https://forums.centos.org/memberlist.php?mode=viewprofile&u=31541,26/01/2020,7516,03/09/2006
https://forums.centos.org/viewtopic.php?f=55&t=73241,CentOS 8.1.1911 does not see my JBOD on port multipliers,merlinus,https://forums.centos.org/memberlist.php?mode=viewprofile&u=99864,28/01/2020,4,01/09/2015
https://forums.centos.org/viewtopic.php?f=55&t=73307,970 evo 1TB NVM write speed,Eyecon,https://forums.centos.org/memberlist.php?mode=viewprofile&u=125261,02/02/2020,8,01/02/2020
https://forums.centos.org/viewtopic.php?f=55&t=73307,970 evo 1TB NVM write speed,TrevorH,https://forums.centos.org/memberlist.php?mode=viewprofile&u=42237,02/02/2020,32873,24/09/2009
https://forums.centos.org/viewtopic.php?f=55&t=73307,970 evo 1TB NVM write speed,Eyecon,https://forums.centos.org/memberlist.php?mode=viewprofile&u=125261,02/02/2020,8,01/02/2020
https://forums.centos.org/viewtopic.php?f=55&t=73269,CentOS + NVidia + HDMI and DP on HP Z2,brusuillis,https://forums.centos.org/memberlist.php?mode=viewprofile&u=125203,28/01/2020,1,28/01/2020
https://forums.centos.org/viewtopic.php?f=55&t=73190,"Issues with ""make install"" when trying to build a driver for rtl8821ce",AkashiyaWolf,https://forums.centos.org/memberlist.php?mode=viewprofile&u=125116,21/01/2020,2,21/01/2020
https://forums.centos.org/viewtopic.php?f=55&t=73190,"Issues with ""make install"" when trying to build a driver for rtl8821ce",TrevorH,https://forums.centos.org/memberlist.php?mode=viewprofile&u=42237,21/01/2020,32873,24/09/2009
https://forums.centos.org/viewtopic.php?f=55&t=73190,"Issues with ""make install"" when trying to build a driver for rtl8821ce",AkashiyaWolf,https://forums.centos.org/memberlist.php?mode=viewprofile&u=125116,28/01/2020,2,21/01/2020
https://forums.centos.org/viewtopic.php?f=55&t=73190,"Issues with ""make install"" when trying to build a driver for rtl8821ce",toracat,https://forums.centos.org/memberlist.php?mode=viewprofile&u=31541,28/01/2020,7516,03/09/2006
https://forums.centos.org/viewtopic.php?f=55&t=73264,CentOS 8 can't adjust screen brightness,bwepngong,https://forums.centos.org/memberlist.php?mode=viewprofile&u=125200,28/01/2020,1,28/01/2020
https://forums.centos.org/viewtopic.php?f=55&t=73048,I can't login when I installed nvidia-driver,rockfire,https://forums.centos.org/memberlist.php?mode=viewprofile&u=124957,08/01/2020,1,08/01/2020
https://forums.centos.org/viewtopic.php?f=55&t=73264,CentOS 8 can't adjust screen brightness,aks,https://forums.centos.org/memberlist.php?mode=viewprofile&u=89770,28/01/2020,3073,20/09/2014
https://forums.centos.org/viewtopic.php?f=55&t=73048,I can't login when I installed nvidia-driver,PaulR,https://forums.centos.org/memberlist.php?mode=viewprofile&u=124899,22/01/2020,4,02/01/2020
https://forums.centos.org/viewtopic.php?f=55&t=73048,I can't login when I installed nvidia-driver,Guiseppe Upton,https://forums.centos.org/memberlist.php?mode=viewprofile&u=124696,05/02/2020,2,17/12/2019
https://forums.centos.org/viewtopic.php?f=55&t=73381,Touchpad isn't working on CentOS 8,mgoblue0970,https://forums.centos.org/memberlist.php?mode=viewprofile&u=49202,08/02/2020,37,02/01/2013
https://forums.centos.org/viewtopic.php?f=55&t=73381,Touchpad isn't working on CentOS 8,TrevorH,https://forums.centos.org/memberlist.php?mode=viewprofile&u=42237,08/02/2020,32873,24/09/2009
https://forums.centos.org/viewtopic.php?f=55&t=73381,Touchpad isn't working on CentOS 8,mgoblue0970,https://forums.centos.org/memberlist.php?mode=viewprofile&u=49202,08/02/2020,37,02/01/2013
https://forums.centos.org/viewtopic.php?f=55&t=73381,Touchpad isn't working on CentOS 8,sml,https://forums.centos.org/memberlist.php?mode=viewprofile&u=125076,08/02/2020,305,17/01/2020
https://forums.centos.org/viewtopic.php?f=55&t=73381,Touchpad isn't working on CentOS 8,mgoblue0970,https://forums.centos.org/memberlist.php?mode=viewprofile&u=49202,09/02/2020,37,02/01/2013
https://forums.centos.org/viewtopic.php?f=55&t=73398,CentOS 8 MSI GeForce GTX 1660 Ti Ventus XS OC 6GB. can't change resolution/install driver KDE,trisun11,https://forums.centos.org/memberlist.php?mode=viewprofile&u=117537,10/02/2020,18,24/05/2018
https://forums.centos.org/viewtopic.php?f=55&t=73579,trying to add a second hard drive,mjz,https://forums.centos.org/memberlist.php?mode=viewprofile&u=125437,27/02/2020,114,13/02/2020
https://forums.centos.org/viewtopic.php?f=55&t=73579,trying to add a second hard drive,TrevorH,https://forums.centos.org/memberlist.php?mode=viewprofile&u=42237,27/02/2020,32873,24/09/2009
https://forums.centos.org/viewtopic.php?f=55&t=73579,trying to add a second hard drive,mjz,https://forums.centos.org/memberlist.php?mode=viewprofile&u=125437,27/02/2020,114,13/02/2020
https://forums.centos.org/viewtopic.php?f=55&t=73579,trying to add a second hard drive,mjz,https://forums.centos.org/memberlist.php?mode=viewprofile&u=125437,27/02/2020,114,13/02/2020
https://forums.centos.org/viewtopic.php?f=55&t=73579,trying to add a second hard drive,mjz,https://forums.centos.org/memberlist.php?mode=viewprofile&u=125437,27/02/2020,114,13/02/2020
https://forums.centos.org/viewtopic.php?f=55&t=73579,trying to add a second hard drive,TrevorH,https://forums.centos.org/memberlist.php?mode=viewprofile&u=42237,28/02/2020,32873,24/09/2009
https://forums.centos.org/viewtopic.php?f=55&t=73579,trying to add a second hard drive,mjz,https://forums.centos.org/memberlist.php?mode=viewprofile&u=125437,28/02/2020,114,13/02/2020
https://forums.centos.org/viewtopic.php?f=55&t=73579,trying to add a second hard drive,mjz,https://forums.centos.org/memberlist.php?mode=viewprofile&u=125437,28/02/2020,114,13/02/2020
https://forums.centos.org/viewtopic.php?f=55&t=73579,trying to add a second hard drive,mjz,https://forums.centos.org/memberlist.php?mode=viewprofile&u=125437,28/02/2020,114,13/02/2020
https://forums.centos.org/viewtopic.php?f=55&t=73579,trying to add a second hard drive,mjz,https://forums.centos.org/memberlist.php?mode=viewprofile&u=125437,28/02/2020,114,13/02/2020
https://forums.centos.org/viewtopic.php?f=55&t=73508,[Solved] kmod-wl driver problem - conflicting kernel version? kmod-wl-6.30.223.271-30.el8.x86_64 requires kmod-wl-4.18.0,toppah,https://forums.centos.org/memberlist.php?mode=viewprofile&u=125487,18/02/2020,9,18/02/2020
https://forums.centos.org/viewtopic.php?f=55&t=73508,[Solved] kmod-wl driver problem - conflicting kernel version? kmod-wl-6.30.223.271-30.el8.x86_64 requires kmod-wl-4.18.0,TrevorH,https://forums.centos.org/memberlist.php?mode=viewprofile&u=42237,18/02/2020,32873,24/09/2009
https://forums.centos.org/viewtopic.php?f=55&t=73508,[Solved] kmod-wl driver problem - conflicting kernel version? kmod-wl-6.30.223.271-30.el8.x86_64 requires kmod-wl-4.18.0,toppah,https://forums.centos.org/memberlist.php?mode=viewprofile&u=125487,19/02/2020,9,18/02/2020
https://forums.centos.org/viewtopic.php?f=55&t=73531,Installing CentOS 8 on Macmini A1347 crashes,dotfile0,https://forums.centos.org/memberlist.php?mode=viewprofile&u=125514,20/02/2020,1,20/02/2020
https://forums.centos.org/viewtopic.php?f=55&t=73641,Techwell drivers,LaberLu,https://forums.centos.org/memberlist.php?mode=viewprofile&u=125669,05/03/2020,1,05/03/2020
https://forums.centos.org/viewtopic.php?f=55&t=73570,CentOS 8. RAID configuration not working.,pacoman,https://forums.centos.org/memberlist.php?mode=viewprofile&u=125573,26/02/2020,3,26/02/2020
https://forums.centos.org/viewtopic.php?f=55&t=73508,[Solved] kmod-wl driver problem - conflicting kernel version? kmod-wl-6.30.223.271-30.el8.x86_64 requires kmod-wl-4.18.0,bonedome,https://forums.centos.org/memberlist.php?mode=viewprofile&u=111374,19/02/2020,201,22/04/2017
https://forums.centos.org/viewtopic.php?f=55&t=73531,Installing CentOS 8 on Macmini A1347 crashes,TrevorH,https://forums.centos.org/memberlist.php?mode=viewprofile&u=42237,20/02/2020,32873,24/09/2009
https://forums.centos.org/viewtopic.php?f=55&t=73531,Installing CentOS 8 on Macmini A1347 crashes,bonedome,https://forums.centos.org/memberlist.php?mode=viewprofile&u=111374,23/02/2020,201,22/04/2017
https://forums.centos.org/viewtopic.php?f=55&t=73641,Techwell drivers,TrevorH,https://forums.centos.org/memberlist.php?mode=viewprofile&u=42237,05/03/2020,32873,24/09/2009
https://forums.centos.org/viewtopic.php?f=55&t=73570,CentOS 8. RAID configuration not working.,TrevorH,https://forums.centos.org/memberlist.php?mode=viewprofile&u=42237,26/02/2020,32873,24/09/2009
https://forums.centos.org/viewtopic.php?f=55&t=73531,Installing CentOS 8 on Macmini A1347 crashes,MattPie,https://forums.centos.org/memberlist.php?mode=viewprofile&u=117509,24/02/2020,5,22/05/2018
https://forums.centos.org/viewtopic.php?f=55&t=73570,CentOS 8. RAID configuration not working.,pacoman,https://forums.centos.org/memberlist.php?mode=viewprofile&u=125573,27/02/2020,3,26/02/2020
https://forums.centos.org/viewtopic.php?f=55&t=73649,Potential hardware conflict,rmcnaught1018,https://forums.centos.org/memberlist.php?mode=viewprofile&u=42669,05/03/2020,7,05/11/2009
https://forums.centos.org/viewtopic.php?f=55&t=73694,Nvidia optimus support?,plo1,https://forums.centos.org/memberlist.php?mode=viewprofile&u=125741,11/03/2020,1,11/03/2020
https://forums.centos.org/viewtopic.php?f=55&t=73570,CentOS 8. RAID configuration not working.,TrevorH,https://forums.centos.org/memberlist.php?mode=viewprofile&u=42237,27/02/2020,32873,24/09/2009
https://forums.centos.org/viewtopic.php?f=55&t=73570,CentOS 8. RAID configuration not working.,pacoman,https://forums.centos.org/memberlist.php?mode=viewprofile&u=125573,27/02/2020,3,26/02/2020
https://forums.centos.org/viewtopic.php?f=55&t=73681,Boot error CentOS7/8 on PowerEdge FC430,navdeep,https://forums.centos.org/memberlist.php?mode=viewprofile&u=125715,10/03/2020,2,10/03/2020
https://forums.centos.org/viewtopic.php?f=55&t=72078,Slow network Fresh CentOS 8 (With 7 it was fast).,poing,https://forums.centos.org/memberlist.php?mode=viewprofile&u=123671,11/10/2019,2,06/10/2019
https://forums.centos.org/viewtopic.php?f=55&t=73649,Potential hardware conflict,rmcnaught1018,https://forums.centos.org/memberlist.php?mode=viewprofile&u=42669,06/03/2020,7,05/11/2009
https://forums.centos.org/viewtopic.php?f=55&t=73694,Nvidia optimus support?,TrevorH,https://forums.centos.org/memberlist.php?mode=viewprofile&u=42237,12/03/2020,32873,24/09/2009
https://forums.centos.org/viewtopic.php?f=55&t=73570,CentOS 8. RAID configuration not working.,TrevorH,https://forums.centos.org/memberlist.php?mode=viewprofile&u=42237,27/02/2020,32873,24/09/2009
https://forums.centos.org/viewtopic.php?f=55&t=73681,Boot error CentOS7/8 on PowerEdge FC430,TrevorH,https://forums.centos.org/memberlist.php?mode=viewprofile&u=42237,10/03/2020,32873,24/09/2009
https://forums.centos.org/viewtopic.php?f=55&t=73681,Boot error CentOS7/8 on PowerEdge FC430,navdeep,https://forums.centos.org/memberlist.php?mode=viewprofile&u=125715,10/03/2020,2,10/03/2020
https://forums.centos.org/viewtopic.php?f=55&t=72078,Slow network Fresh CentOS 8 (With 7 it was fast).,TrevorH,https://forums.centos.org/memberlist.php?mode=viewprofile&u=42237,11/10/2019,32873,24/09/2009
https://forums.centos.org/viewtopic.php?f=55&t=72078,Slow network Fresh CentOS 8 (With 7 it was fast).,hunter86_bg,https://forums.centos.org/memberlist.php?mode=viewprofile&u=95094,13/10/2019,2019,17/02/2015
https://forums.centos.org/viewtopic.php?f=55&t=72276,CentOS 8 and P52 with 1.92 BIOs,howncheng,https://forums.centos.org/memberlist.php?mode=viewprofile&u=123987,27/10/2019,2,27/10/2019
https://forums.centos.org/viewtopic.php?f=55&t=72201,Enable secure boot,KernelOops,https://forums.centos.org/memberlist.php?mode=viewprofile&u=83383,21/10/2019,428,18/12/2013
https://forums.centos.org/viewtopic.php?f=55&t=72244,Switch Nouveau driver to Intel driver,offshore,https://forums.centos.org/memberlist.php?mode=viewprofile&u=123953,24/10/2019,1,24/10/2019
https://forums.centos.org/viewtopic.php?f=55&t=73649,Potential hardware conflict,rmcnaught1018,https://forums.centos.org/memberlist.php?mode=viewprofile&u=42669,06/03/2020,7,05/11/2009
https://forums.centos.org/viewtopic.php?f=55&t=73649,Potential hardware conflict,TrevorH,https://forums.centos.org/memberlist.php?mode=viewprofile&u=42237,06/03/2020,32873,24/09/2009
https://forums.centos.org/viewtopic.php?f=55&t=72078,Slow network Fresh CentOS 8 (With 7 it was fast).,poing,https://forums.centos.org/memberlist.php?mode=viewprofile&u=123671,18/10/2019,2,06/10/2019
https://forums.centos.org/viewtopic.php?f=55&t=72078,Slow network Fresh CentOS 8 (With 7 it was fast).,BShT,https://forums.centos.org/memberlist.php?mode=viewprofile&u=123726,22/10/2019,572,09/10/2019
https://forums.centos.org/viewtopic.php?f=55&t=72276,CentOS 8 and P52 with 1.92 BIOs,aks,https://forums.centos.org/memberlist.php?mode=viewprofile&u=89770,27/10/2019,3073,20/09/2014
https://forums.centos.org/viewtopic.php?f=55&t=72276,CentOS 8 and P52 with 1.92 BIOs,TrevorH,https://forums.centos.org/memberlist.php?mode=viewprofile&u=42237,27/10/2019,32873,24/09/2009
https://forums.centos.org/viewtopic.php?f=55&t=72276,CentOS 8 and P52 with 1.92 BIOs,howncheng,https://forums.centos.org/memberlist.php?mode=viewprofile&u=123987,27/10/2019,2,27/10/2019
https://forums.centos.org/viewtopic.php?f=55&t=72201,Enable secure boot,lightman47,https://forums.centos.org/memberlist.php?mode=viewprofile&u=86190,21/10/2019,1483,21/05/2014
https://forums.centos.org/viewtopic.php?f=55&t=72201,Enable secure boot,KernelOops,https://forums.centos.org/memberlist.php?mode=viewprofile&u=83383,21/10/2019,428,18/12/2013
https://forums.centos.org/viewtopic.php?f=55&t=72244,Switch Nouveau driver to Intel driver,lightman47,https://forums.centos.org/memberlist.php?mode=viewprofile&u=86190,25/10/2019,1483,21/05/2014
https://forums.centos.org/viewtopic.php?f=55&t=72201,Enable secure boot,lightman47,https://forums.centos.org/memberlist.php?mode=viewprofile&u=86190,21/10/2019,1483,21/05/2014
https://forums.centos.org/viewtopic.php?f=55&t=72201,Enable secure boot,chemal,https://forums.centos.org/memberlist.php?mode=viewprofile&u=83189,21/10/2019,776,08/12/2013
https://forums.centos.org/viewtopic.php?f=55&t=73324,Intel Wireless 4965 AGN not detected in CentOS 8,dj04,https://forums.centos.org/memberlist.php?mode=viewprofile&u=125281,03/02/2020,2,03/02/2020
https://forums.centos.org/viewtopic.php?f=55&t=72201,Enable secure boot,KernelOops,https://forums.centos.org/memberlist.php?mode=viewprofile&u=83383,22/10/2019,428,18/12/2013
https://forums.centos.org/viewtopic.php?f=55&t=72201,Enable secure boot,chemal,https://forums.centos.org/memberlist.php?mode=viewprofile&u=83189,22/10/2019,776,08/12/2013
https://forums.centos.org/viewtopic.php?f=55&t=72201,Enable secure boot,KernelOops,https://forums.centos.org/memberlist.php?mode=viewprofile&u=83383,23/10/2019,428,18/12/2013
https://forums.centos.org/viewtopic.php?f=55&t=72445,Onboard Audio,winders_cruncher,https://forums.centos.org/memberlist.php?mode=viewprofile&u=124158,10/11/2019,6,07/11/2019
https://forums.centos.org/viewtopic.php?f=55&t=73324,Intel Wireless 4965 AGN not detected in CentOS 8,TrevorH,https://forums.centos.org/memberlist.php?mode=viewprofile&u=42237,03/02/2020,32873,24/09/2009
https://forums.centos.org/viewtopic.php?f=55&t=73324,Intel Wireless 4965 AGN not detected in CentOS 8,dj04,https://forums.centos.org/memberlist.php?mode=viewprofile&u=125281,04/02/2020,2,03/02/2020
https://forums.centos.org/viewtopic.php?f=55&t=72445,Onboard Audio,winders_cruncher,https://forums.centos.org/memberlist.php?mode=viewprofile&u=124158,10/11/2019,6,07/11/2019
https://forums.centos.org/viewtopic.php?f=55&t=72445,Onboard Audio,TrevorH,https://forums.centos.org/memberlist.php?mode=viewprofile&u=42237,10/11/2019,32873,24/09/2009
https://forums.centos.org/viewtopic.php?f=55&t=72445,Onboard Audio,winders_cruncher,https://forums.centos.org/memberlist.php?mode=viewprofile&u=124158,10/11/2019,6,07/11/2019
https://forums.centos.org/viewtopic.php?f=55&t=72445,Onboard Audio,winders_cruncher,https://forums.centos.org/memberlist.php?mode=viewprofile&u=124158,10/11/2019,6,07/11/2019
https://forums.centos.org/viewtopic.php?f=55&t=72450,amdgpu error Radeon Pro WX 3200,yakebao,https://forums.centos.org/memberlist.php?mode=viewprofile&u=124027,11/11/2019,4,30/10/2019
https://forums.centos.org/viewtopic.php?f=55&t=72359,GTX 1050TI Unknown Display,lucasgvarela,https://forums.centos.org/memberlist.php?mode=viewprofile&u=124089,02/11/2019,5,02/11/2019
https://forums.centos.org/viewtopic.php?f=55&t=72359,GTX 1050TI Unknown Display,TrevorH,https://forums.centos.org/memberlist.php?mode=viewprofile&u=42237,02/11/2019,32873,24/09/2009
https://forums.centos.org/viewtopic.php?f=55&t=72359,GTX 1050TI Unknown Display,lucasgvarela,https://forums.centos.org/memberlist.php?mode=viewprofile&u=124089,02/11/2019,5,02/11/2019
https://forums.centos.org/viewtopic.php?f=55&t=72359,GTX 1050TI Unknown Display,TrevorH,https://forums.centos.org/memberlist.php?mode=viewprofile&u=42237,02/11/2019,32873,24/09/2009
https://forums.centos.org/viewtopic.php?f=55&t=72359,GTX 1050TI Unknown Display,lucasgvarela,https://forums.centos.org/memberlist.php?mode=viewprofile&u=124089,02/11/2019,5,02/11/2019
https://forums.centos.org/viewtopic.php?f=55&t=72317,Intel Wi-Fi 6 AX200 160MHz on Dell Precision 7540,yakebao,https://forums.centos.org/memberlist.php?mode=viewprofile&u=124027,30/10/2019,4,30/10/2019
https://forums.centos.org/viewtopic.php?f=55&t=72317,Intel Wi-Fi 6 AX200 160MHz on Dell Precision 7540,BShT,https://forums.centos.org/memberlist.php?mode=viewprofile&u=123726,30/10/2019,572,09/10/2019
https://forums.centos.org/viewtopic.php?f=55&t=72317,Intel Wi-Fi 6 AX200 160MHz on Dell Precision 7540,TrevorH,https://forums.centos.org/memberlist.php?mode=viewprofile&u=42237,30/10/2019,32873,24/09/2009
https://forums.centos.org/viewtopic.php?f=55&t=72317,Intel Wi-Fi 6 AX200 160MHz on Dell Precision 7540,yakebao,https://forums.centos.org/memberlist.php?mode=viewprofile&u=124027,01/11/2019,4,30/10/2019
https://forums.centos.org/viewtopic.php?f=55&t=72317,Intel Wi-Fi 6 AX200 160MHz on Dell Precision 7540,toracat,https://forums.centos.org/memberlist.php?mode=viewprofile&u=31541,02/11/2019,7516,03/09/2006
https://forums.centos.org/viewtopic.php?f=55&t=72463,AMI BIOS ACPI hangs on reboot,kb9mfd,https://forums.centos.org/memberlist.php?mode=viewprofile&u=64480,11/11/2019,18,13/12/2011
https://forums.centos.org/viewtopic.php?f=55&t=72317,Intel Wi-Fi 6 AX200 160MHz on Dell Precision 7540,rickliu2000,https://forums.centos.org/memberlist.php?mode=viewprofile&u=124099,03/11/2019,3,03/11/2019
https://forums.centos.org/viewtopic.php?f=55&t=72317,Intel Wi-Fi 6 AX200 160MHz on Dell Precision 7540,TrevorH,https://forums.centos.org/memberlist.php?mode=viewprofile&u=42237,03/11/2019,32873,24/09/2009
https://forums.centos.org/viewtopic.php?f=55&t=72317,Intel Wi-Fi 6 AX200 160MHz on Dell Precision 7540,rickliu2000,https://forums.centos.org/memberlist.php?mode=viewprofile&u=124099,03/11/2019,3,03/11/2019
https://forums.centos.org/viewtopic.php?f=55&t=72463,AMI BIOS ACPI hangs on reboot,BShT,https://forums.centos.org/memberlist.php?mode=viewprofile&u=123726,11/11/2019,572,09/10/2019
https://forums.centos.org/viewtopic.php?f=55&t=72463,AMI BIOS ACPI hangs on reboot,kb9mfd,https://forums.centos.org/memberlist.php?mode=viewprofile&u=64480,12/11/2019,18,13/12/2011
https://forums.centos.org/viewtopic.php?f=55&t=72317,Intel Wi-Fi 6 AX200 160MHz on Dell Precision 7540,rickliu2000,https://forums.centos.org/memberlist.php?mode=viewprofile&u=124099,10/11/2019,3,03/11/2019
https://forums.centos.org/viewtopic.php?f=55&t=72317,Intel Wi-Fi 6 AX200 160MHz on Dell Precision 7540,TrevorH,https://forums.centos.org/memberlist.php?mode=viewprofile&u=42237,10/11/2019,32873,24/09/2009
https://forums.centos.org/viewtopic.php?f=55&t=72463,AMI BIOS ACPI hangs on reboot,BShT,https://forums.centos.org/memberlist.php?mode=viewprofile&u=123726,12/11/2019,572,09/10/2019
https://forums.centos.org/viewtopic.php?f=55&t=72463,AMI BIOS ACPI hangs on reboot,BShT,https://forums.centos.org/memberlist.php?mode=viewprofile&u=123726,12/11/2019,572,09/10/2019
https://forums.centos.org/viewtopic.php?f=55&t=72463,AMI BIOS ACPI hangs on reboot,kb9mfd,https://forums.centos.org/memberlist.php?mode=viewprofile&u=64480,12/11/2019,18,13/12/2011
https://forums.centos.org/viewtopic.php?f=55&t=72463,AMI BIOS ACPI hangs on reboot,TrevorH,https://forums.centos.org/memberlist.php?mode=viewprofile&u=42237,12/11/2019,32873,24/09/2009
https://forums.centos.org/viewtopic.php?f=55&t=73579&start=10,trying to add a second hard drive,TrevorH,https://forums.centos.org/memberlist.php?mode=viewprofile&u=42237,28/02/2020,32873,24/09/2009
https://forums.centos.org/viewtopic.php?f=55&t=72463,AMI BIOS ACPI hangs on reboot,kb9mfd,https://forums.centos.org/memberlist.php?mode=viewprofile&u=64480,12/11/2019,18,13/12/2011
https://forums.centos.org/viewtopic.php?f=55&t=72463,AMI BIOS ACPI hangs on reboot,BShT,https://forums.centos.org/memberlist.php?mode=viewprofile&u=123726,12/11/2019,572,09/10/2019
https://forums.centos.org/viewtopic.php?f=55&t=72463,AMI BIOS ACPI hangs on reboot,TrevorH,https://forums.centos.org/memberlist.php?mode=viewprofile&u=42237,12/11/2019,32873,24/09/2009
https://forums.centos.org/viewtopic.php?f=55&t=73579&start=10,trying to add a second hard drive,mjz,https://forums.centos.org/memberlist.php?mode=viewprofile&u=125437,28/02/2020,114,13/02/2020
https://forums.centos.org/viewtopic.php?f=55&t=73579&start=10,trying to add a second hard drive,mjz,https://forums.centos.org/memberlist.php?mode=viewprofile&u=125437,28/02/2020,114,13/02/2020
https://forums.centos.org/viewtopic.php?f=55&t=73579&start=10,trying to add a second hard drive,mjz,https://forums.centos.org/memberlist.php?mode=viewprofile&u=125437,28/02/2020,114,13/02/2020
https://forums.centos.org/viewtopic.php?f=55&t=72496,Which RAID card are supported?,alexl,https://forums.centos.org/memberlist.php?mode=viewprofile&u=124260,14/11/2019,2,14/11/2019
https://forums.centos.org/viewtopic.php?f=55&t=72496,Which RAID card are supported?,BShT,https://forums.centos.org/memberlist.php?mode=viewprofile&u=123726,14/11/2019,572,09/10/2019
https://forums.centos.org/viewtopic.php?f=55&t=72496,Which RAID card are supported?,alexl,https://forums.centos.org/memberlist.php?mode=viewprofile&u=124260,22/11/2019,2,14/11/2019
https://forums.centos.org/viewtopic.php?f=55&t=72339,Panasonic CF-20 (brightness control and tablet buttons not working),siseiV2P,https://forums.centos.org/memberlist.php?mode=viewprofile&u=124052,31/10/2019,1,31/10/2019
https://forums.centos.org/viewtopic.php?f=55&t=72394,Does not detect disks during installation - LSI Logic controller,oSAlj,https://forums.centos.org/memberlist.php?mode=viewprofile&u=123979,05/11/2019,23,26/10/2019
https://forums.centos.org/viewtopic.php?f=55&t=72394,Does not detect disks during installation - LSI Logic controller,TrevorH,https://forums.centos.org/memberlist.php?mode=viewprofile&u=42237,05/11/2019,32873,24/09/2009
https://forums.centos.org/viewtopic.php?f=55&t=72394,Does not detect disks during installation - LSI Logic controller,oSAlj,https://forums.centos.org/memberlist.php?mode=viewprofile&u=123979,06/11/2019,23,26/10/2019
https://forums.centos.org/viewtopic.php?f=55&t=72394,Does not detect disks during installation - LSI Logic controller,toracat,https://forums.centos.org/memberlist.php?mode=viewprofile&u=31541,06/11/2019,7516,03/09/2006
https://forums.centos.org/viewtopic.php?f=55&t=72394,Does not detect disks during installation - LSI Logic controller,oSAlj,https://forums.centos.org/memberlist.php?mode=viewprofile&u=123979,06/11/2019,23,26/10/2019
https://forums.centos.org/viewtopic.php?f=55&t=72609,centos8 works on microserver gen8,arnjan,https://forums.centos.org/memberlist.php?mode=viewprofile&u=124404,24/11/2019,1,24/11/2019
https://forums.centos.org/viewtopic.php?f=55&t=72394,Does not detect disks during installation - LSI Logic controller,toracat,https://forums.centos.org/memberlist.php?mode=viewprofile&u=31541,06/11/2019,7516,03/09/2006
https://forums.centos.org/viewtopic.php?f=55&t=72394,Does not detect disks during installation - LSI Logic controller,tunk,https://forums.centos.org/memberlist.php?mode=viewprofile&u=110413,06/11/2019,1185,22/02/2017
https://forums.centos.org/viewtopic.php?f=55&t=72678,motherboard,PRN,https://forums.centos.org/memberlist.php?mode=viewprofile&u=124490,01/12/2019,1,01/12/2019
https://forums.centos.org/viewtopic.php?f=55&t=72753,Centos 8 on external drive cannot be recognized by another PC,lql341,https://forums.centos.org/memberlist.php?mode=viewprofile&u=124587,09/12/2019,1,09/12/2019
https://forums.centos.org/viewtopic.php?f=55&t=72394,Does not detect disks during installation - LSI Logic controller,oSAlj,https://forums.centos.org/memberlist.php?mode=viewprofile&u=123979,07/11/2019,23,26/10/2019
https://forums.centos.org/viewtopic.php?f=55&t=72753,Centos 8 on external drive cannot be recognized by another PC,BShT,https://forums.centos.org/memberlist.php?mode=viewprofile&u=123726,09/12/2019,572,09/10/2019
https://forums.centos.org/viewtopic.php?f=55&t=72581,Intel 620 Graphics using llvmpipe for OpenGL,mmvfx,https://forums.centos.org/memberlist.php?mode=viewprofile&u=124373,21/11/2019,3,21/11/2019
https://forums.centos.org/viewtopic.php?f=55&t=72789,Can't Install Centos 8 - UEFI invalid signature check,aamadeo,https://forums.centos.org/memberlist.php?mode=viewprofile&u=124637,12/12/2019,1,12/12/2019
https://forums.centos.org/viewtopic.php?f=55&t=72581,Intel 620 Graphics using llvmpipe for OpenGL,chemal,https://forums.centos.org/memberlist.php?mode=viewprofile&u=83189,21/11/2019,776,08/12/2013
https://forums.centos.org/viewtopic.php?f=55&t=72789,Can't Install Centos 8 - UEFI invalid signature check,TrevorH,https://forums.centos.org/memberlist.php?mode=viewprofile&u=42237,12/12/2019,32873,24/09/2009
https://forums.centos.org/viewtopic.php?f=55&t=72581,Intel 620 Graphics using llvmpipe for OpenGL,mmvfx,https://forums.centos.org/memberlist.php?mode=viewprofile&u=124373,21/11/2019,3,21/11/2019
https://forums.centos.org/viewtopic.php?f=55&t=72581,Intel 620 Graphics using llvmpipe for OpenGL,chemal,https://forums.centos.org/memberlist.php?mode=viewprofile&u=83189,21/11/2019,776,08/12/2013
https://forums.centos.org/viewtopic.php?f=55&t=72581,Intel 620 Graphics using llvmpipe for OpenGL,mmvfx,https://forums.centos.org/memberlist.php?mode=viewprofile&u=124373,22/11/2019,3,21/11/2019
https://forums.centos.org/viewtopic.php?f=55&t=72581,Intel 620 Graphics using llvmpipe for OpenGL,tomvi,https://forums.centos.org/memberlist.php?mode=viewprofile&u=124491,01/12/2019,1,01/12/2019
https://forums.centos.org/viewtopic.php?f=55&t=71876,Switch to Centos 8 and lost 1080 display,cozmcc,https://forums.centos.org/memberlist.php?mode=viewprofile&u=123536,29/09/2019,1,29/09/2019
https://forums.centos.org/viewtopic.php?f=55&t=72870,No Wi-Fi adapter found on HP laptop,deep.dey,https://forums.centos.org/memberlist.php?mode=viewprofile&u=124216,20/12/2019,5,11/11/2019
https://forums.centos.org/viewtopic.php?f=55&t=71876,Switch to Centos 8 and lost 1080 display,ggpigg,https://forums.centos.org/memberlist.php?mode=viewprofile&u=94157,01/10/2019,9,13/01/2015
https://forums.centos.org/viewtopic.php?f=55&t=71876,Switch to Centos 8 and lost 1080 display,Hulio90,https://forums.centos.org/memberlist.php?mode=viewprofile&u=123298,15/12/2019,2,18/09/2019
https://forums.centos.org/viewtopic.php?f=55&t=72870,No Wi-Fi adapter found on HP laptop,toracat,https://forums.centos.org/memberlist.php?mode=viewprofile&u=31541,20/12/2019,7516,03/09/2006
https://forums.centos.org/viewtopic.php?f=55&t=72908,Supported PCI or PCIe Network adapter cards?,MagnusStockholm,https://forums.centos.org/memberlist.php?mode=viewprofile&u=124784,24/12/2019,6,24/12/2019
https://forums.centos.org/viewtopic.php?f=55&t=73094,Wifi USB adapter - TP-Link TL WN823N RTL8192EU,sj507,https://forums.centos.org/memberlist.php?mode=viewprofile&u=125007,13/01/2020,3,13/01/2020
https://forums.centos.org/viewtopic.php?f=55&t=71876,Switch to Centos 8 and lost 1080 display,toracat,https://forums.centos.org/memberlist.php?mode=viewprofile&u=31541,16/12/2019,7516,03/09/2006
https://forums.centos.org/viewtopic.php?f=55&t=72908,Supported PCI or PCIe Network adapter cards?,TrevorH,https://forums.centos.org/memberlist.php?mode=viewprofile&u=42237,24/12/2019,32873,24/09/2009
https://forums.centos.org/viewtopic.php?f=55&t=73094,Wifi USB adapter - TP-Link TL WN823N RTL8192EU,BShT,https://forums.centos.org/memberlist.php?mode=viewprofile&u=123726,13/01/2020,572,09/10/2019
https://forums.centos.org/viewtopic.php?f=55&t=73009,Extremely slow USB access,le_jawa,https://forums.centos.org/memberlist.php?mode=viewprofile&u=49798,03/01/2020,11,07/12/2012
https://forums.centos.org/viewtopic.php?f=55&t=72999,Good enough graphics card for CentOS?,PaulR,https://forums.centos.org/memberlist.php?mode=viewprofile&u=124899,02/01/2020,4,02/01/2020
https://forums.centos.org/viewtopic.php?f=55&t=72908,Supported PCI or PCIe Network adapter cards?,MagnusStockholm,https://forums.centos.org/memberlist.php?mode=viewprofile&u=124784,25/12/2019,6,24/12/2019
https://forums.centos.org/viewtopic.php?f=55&t=73094,Wifi USB adapter - TP-Link TL WN823N RTL8192EU,sj507,https://forums.centos.org/memberlist.php?mode=viewprofile&u=125007,13/01/2020,3,13/01/2020
https://forums.centos.org/viewtopic.php?f=55&t=73094,Wifi USB adapter - TP-Link TL WN823N RTL8192EU,sj507,https://forums.centos.org/memberlist.php?mode=viewprofile&u=125007,14/01/2020,3,13/01/2020
https://forums.centos.org/viewtopic.php?f=55&t=72999,Good enough graphics card for CentOS?,KernelOops,https://forums.centos.org/memberlist.php?mode=viewprofile&u=83383,03/01/2020,428,18/12/2013
https://forums.centos.org/viewtopic.php?f=55&t=72808,Recommend a Refurbed Business PC,mickypoo,https://forums.centos.org/memberlist.php?mode=viewprofile&u=124666,14/12/2019,2,14/12/2019
https://forums.centos.org/viewtopic.php?f=55&t=72463&start=10,AMI BIOS ACPI hangs on reboot,kb9mfd,https://forums.centos.org/memberlist.php?mode=viewprofile&u=64480,13/11/2019,18,13/12/2011
https://forums.centos.org/viewtopic.php?f=55&t=72999,Good enough graphics card for CentOS?,PaulR,https://forums.centos.org/memberlist.php?mode=viewprofile&u=124899,04/01/2020,4,02/01/2020
https://forums.centos.org/viewtopic.php?f=55&t=72808,Recommend a Refurbed Business PC,TrevorH,https://forums.centos.org/memberlist.php?mode=viewprofile&u=42237,14/12/2019,32873,24/09/2009
https://forums.centos.org/viewtopic.php?f=55&t=72808,Recommend a Refurbed Business PC,paradimethylaminoben,https://forums.centos.org/memberlist.php?mode=viewprofile&u=124734,19/12/2019,2,19/12/2019
https://forums.centos.org/viewtopic.php?f=54&t=76399,Laravel on Centos 8 Failed loading ioncube_loader_lin_7.3,giorgio,https://forums.centos.org/memberlist.php?mode=viewprofile&u=128908,17/11/2020,1,17/11/2020
https://forums.centos.org/viewtopic.php?f=55&t=72808,Recommend a Refurbed Business PC,TrevorH,https://forums.centos.org/memberlist.php?mode=viewprofile&u=42237,19/12/2019,32873,24/09/2009
https://forums.centos.org/viewtopic.php?f=54&t=76399,Laravel on Centos 8 Failed loading ioncube_loader_lin_7.3,BShT,https://forums.centos.org/memberlist.php?mode=viewprofile&u=123726,17/11/2020,572,09/10/2019
https://forums.centos.org/viewtopic.php?f=55&t=72808,Recommend a Refurbed Business PC,mickypoo,https://forums.centos.org/memberlist.php?mode=viewprofile&u=124666,21/12/2019,2,14/12/2019
https://forums.centos.org/viewtopic.php?f=54&t=76411,dracut root does not exists after kernel upgrade,Krillian,https://forums.centos.org/memberlist.php?mode=viewprofile&u=96704,18/11/2020,3,02/04/2015
https://forums.centos.org/viewtopic.php?f=55&t=72530,displaylink partial success,maweos,https://forums.centos.org/memberlist.php?mode=viewprofile&u=34052,17/11/2019,21,22/05/2007
https://forums.centos.org/viewtopic.php?f=54&t=76413,Security Policy is not available during install,topology,https://forums.centos.org/memberlist.php?mode=viewprofile&u=124692,18/11/2020,2,17/12/2019
https://forums.centos.org/viewtopic.php?f=54&t=76394,Bad package support,roysubs,https://forums.centos.org/memberlist.php?mode=viewprofile&u=37027,17/11/2020,20,24/03/2008
https://forums.centos.org/viewtopic.php?f=54&t=76394,Bad package support,BShT,https://forums.centos.org/memberlist.php?mode=viewprofile&u=123726,17/11/2020,572,09/10/2019
https://forums.centos.org/viewtopic.php?f=54&t=76394,Bad package support,roysubs,https://forums.centos.org/memberlist.php?mode=viewprofile&u=37027,17/11/2020,20,24/03/2008
https://forums.centos.org/viewtopic.php?f=54&t=76394,Bad package support,BShT,https://forums.centos.org/memberlist.php?mode=viewprofile&u=123726,17/11/2020,572,09/10/2019
https://forums.centos.org/viewtopic.php?f=54&t=76394,Bad package support,KernelOops,https://forums.centos.org/memberlist.php?mode=viewprofile&u=83383,17/11/2020,428,18/12/2013
https://forums.centos.org/viewtopic.php?f=54&t=76394,Bad package support,TrevorH,https://forums.centos.org/memberlist.php?mode=viewprofile&u=42237,17/11/2020,32873,24/09/2009
https://forums.centos.org/viewtopic.php?f=54&t=76394,Bad package support,roysubs,https://forums.centos.org/memberlist.php?mode=viewprofile&u=37027,17/11/2020,20,24/03/2008
https://forums.centos.org/viewtopic.php?f=54&t=76394,Bad package support,TrevorH,https://forums.centos.org/memberlist.php?mode=viewprofile&u=42237,17/11/2020,32873,24/09/2009
https://forums.centos.org/viewtopic.php?f=54&t=76394,Bad package support,roysubs,https://forums.centos.org/memberlist.php?mode=viewprofile&u=37027,17/11/2020,20,24/03/2008
https://forums.centos.org/viewtopic.php?f=54&t=76389,no shutdown logs at /var/log/messages,ocs,https://forums.centos.org/memberlist.php?mode=viewprofile&u=128900,17/11/2020,4,17/11/2020
https://forums.centos.org/viewtopic.php?f=54&t=76389,no shutdown logs at /var/log/messages,TrevorH,https://forums.centos.org/memberlist.php?mode=viewprofile&u=42237,17/11/2020,32873,24/09/2009
https://forums.centos.org/viewtopic.php?f=54&t=76389,no shutdown logs at /var/log/messages,ocs,https://forums.centos.org/memberlist.php?mode=viewprofile&u=128900,17/11/2020,4,17/11/2020
https://forums.centos.org/viewtopic.php?f=54&t=76389,no shutdown logs at /var/log/messages,TrevorH,https://forums.centos.org/memberlist.php?mode=viewprofile&u=42237,17/11/2020,32873,24/09/2009
https://forums.centos.org/viewtopic.php?f=54&t=76389,no shutdown logs at /var/log/messages,ocs,https://forums.centos.org/memberlist.php?mode=viewprofile&u=128900,18/11/2020,4,17/11/2020
https://forums.centos.org/viewtopic.php?f=54&t=76401,duply duplicity keyfile not found?,darkelf,https://forums.centos.org/memberlist.php?mode=viewprofile&u=101541,17/11/2020,6,27/11/2015
https://forums.centos.org/viewtopic.php?f=54&t=76401,duply duplicity keyfile not found?,darkelf,https://forums.centos.org/memberlist.php?mode=viewprofile&u=101541,19/11/2020,6,27/11/2015
https://forums.centos.org/viewtopic.php?f=54&t=76400,Issue With Apache Not Running htaccess files at all,anne282,https://forums.centos.org/memberlist.php?mode=viewprofile&u=128207,17/11/2020,11,24/09/2020
https://forums.centos.org/viewtopic.php?f=54&t=76400,Issue With Apache Not Running htaccess files at all,anne282,https://forums.centos.org/memberlist.php?mode=viewprofile&u=128207,17/11/2020,11,24/09/2020
https://forums.centos.org/viewtopic.php?f=54&t=76400,Issue With Apache Not Running htaccess files at all,BShT,https://forums.centos.org/memberlist.php?mode=viewprofile&u=123726,17/11/2020,572,09/10/2019
https://forums.centos.org/viewtopic.php?f=54&t=76400,Issue With Apache Not Running htaccess files at all,anne282,https://forums.centos.org/memberlist.php?mode=viewprofile&u=128207,18/11/2020,11,24/09/2020
https://forums.centos.org/viewtopic.php?f=54&t=76400,Issue With Apache Not Running htaccess files at all,anne282,https://forums.centos.org/memberlist.php?mode=viewprofile&u=128207,18/11/2020,11,24/09/2020
https://forums.centos.org/viewtopic.php?f=54&t=76400,Issue With Apache Not Running htaccess files at all,KernelOops,https://forums.centos.org/memberlist.php?mode=viewprofile&u=83383,19/11/2020,428,18/12/2013
https://forums.centos.org/viewtopic.php?f=54&t=76400,Issue With Apache Not Running htaccess files at all,remirepo,https://forums.centos.org/memberlist.php?mode=viewprofile&u=89794,19/11/2020,445,21/09/2014
https://forums.centos.org/viewtopic.php?f=54&t=76433,XRDP cannot login for the second time,VanHoofErwin,https://forums.centos.org/memberlist.php?mode=viewprofile&u=128942,20/11/2020,1,20/11/2020
https://forums.centos.org/viewtopic.php?f=54&t=76430,[Solved] Php + Apache on centos8 / centos7,B_R_H,https://forums.centos.org/memberlist.php?mode=viewprofile&u=127991,20/11/2020,11,06/09/2020
https://forums.centos.org/viewtopic.php?f=54&t=76430,[Solved] Php + Apache on centos8 / centos7,remirepo,https://forums.centos.org/memberlist.php?mode=viewprofile&u=89794,20/11/2020,445,21/09/2014
https://forums.centos.org/viewtopic.php?f=54&t=76430,[Solved] Php + Apache on centos8 / centos7,B_R_H,https://forums.centos.org/memberlist.php?mode=viewprofile&u=127991,20/11/2020,11,06/09/2020
https://forums.centos.org/viewtopic.php?f=54&t=76430,[Solved] Php + Apache on centos8 / centos7,TrevorH,https://forums.centos.org/memberlist.php?mode=viewprofile&u=42237,20/11/2020,32873,24/09/2009
https://forums.centos.org/viewtopic.php?f=54&t=76163,Killing process XYZ (systemctl) with signal SIGKILL.,KernelOops,https://forums.centos.org/memberlist.php?mode=viewprofile&u=83383,26/10/2020,428,18/12/2013
https://forums.centos.org/viewtopic.php?f=54&t=76163,Killing process XYZ (systemctl) with signal SIGKILL.,LaurentBarme,https://forums.centos.org/memberlist.php?mode=viewprofile&u=128758,04/11/2020,6,04/11/2020
https://forums.centos.org/viewtopic.php?f=54&t=76163,Killing process XYZ (systemctl) with signal SIGKILL.,KernelOops,https://forums.centos.org/memberlist.php?mode=viewprofile&u=83383,04/11/2020,428,18/12/2013
https://forums.centos.org/viewtopic.php?f=54&t=76163,Killing process XYZ (systemctl) with signal SIGKILL.,LaurentBarme,https://forums.centos.org/memberlist.php?mode=viewprofile&u=128758,05/11/2020,6,04/11/2020
https://forums.centos.org/viewtopic.php?f=54&t=76163,Killing process XYZ (systemctl) with signal SIGKILL.,KernelOops,https://forums.centos.org/memberlist.php?mode=viewprofile&u=83383,05/11/2020,428,18/12/2013
https://forums.centos.org/viewtopic.php?f=54&t=76163,Killing process XYZ (systemctl) with signal SIGKILL.,KernelOops,https://forums.centos.org/memberlist.php?mode=viewprofile&u=83383,19/11/2020,428,18/12/2013
https://forums.centos.org/viewtopic.php?f=54&t=76163,Killing process XYZ (systemctl) with signal SIGKILL.,KernelOops,https://forums.centos.org/memberlist.php?mode=viewprofile&u=83383,19/11/2020,428,18/12/2013
https://forums.centos.org/viewtopic.php?f=54&t=74641,"[SOLVED] Installing CentOS on a MacBook Pro: ""Error checking storage configuration""",oceanjeremy,https://forums.centos.org/memberlist.php?mode=viewprofile&u=126784,04/06/2020,46,29/05/2020
https://forums.centos.org/viewtopic.php?f=54&t=76427,postfix starts before network manager is done,helgew,https://forums.centos.org/memberlist.php?mode=viewprofile&u=111995,19/11/2020,3,05/06/2017
https://forums.centos.org/viewtopic.php?f=54&t=74641,"[SOLVED] Installing CentOS on a MacBook Pro: ""Error checking storage configuration""",oceanjeremy,https://forums.centos.org/memberlist.php?mode=viewprofile&u=126784,06/06/2020,46,29/05/2020
https://forums.centos.org/viewtopic.php?f=54&t=74641,"[SOLVED] Installing CentOS on a MacBook Pro: ""Error checking storage configuration""",scottro,https://forums.centos.org/memberlist.php?mode=viewprofile&u=34303,06/06/2020,2554,03/09/2007
https://forums.centos.org/viewtopic.php?f=54&t=76427,postfix starts before network manager is done,rk11,https://forums.centos.org/memberlist.php?mode=viewprofile&u=128940,20/11/2020,1,20/11/2020
https://forums.centos.org/viewtopic.php?f=54&t=76427,postfix starts before network manager is done,TrevorH,https://forums.centos.org/memberlist.php?mode=viewprofile&u=42237,20/11/2020,32873,24/09/2009
https://forums.centos.org/viewtopic.php?f=54&t=74641,"[SOLVED] Installing CentOS on a MacBook Pro: ""Error checking storage configuration""",psnellin,https://forums.centos.org/memberlist.php?mode=viewprofile&u=128943,20/11/2020,1,20/11/2020
https://forums.centos.org/viewtopic.php?f=54&t=76435,(70014)End of file found: proxy: error reading status line from remote server localhost,mauricioseis,https://forums.centos.org/memberlist.php?mode=viewprofile&u=128003,20/11/2020,17,08/09/2020
https://forums.centos.org/viewtopic.php?f=54&t=76436,PROCESS EXITED WITH ERROR CODE ON CENTOS 8 and PODMAN,patridas,https://forums.centos.org/memberlist.php?mode=viewprofile&u=128944,20/11/2020,3,20/11/2020
https://forums.centos.org/viewtopic.php?f=54&t=76436,PROCESS EXITED WITH ERROR CODE ON CENTOS 8 and PODMAN,pjsr2,https://forums.centos.org/memberlist.php?mode=viewprofile&u=85234,20/11/2020,610,27/03/2014
https://forums.centos.org/viewtopic.php?f=54&t=76436,PROCESS EXITED WITH ERROR CODE ON CENTOS 8 and PODMAN,patridas,https://forums.centos.org/memberlist.php?mode=viewprofile&u=128944,20/11/2020,3,20/11/2020
https://forums.centos.org/viewtopic.php?f=54&t=76450,Enabling self encrypting disk with TPM on CentOs,starbearer,https://forums.centos.org/memberlist.php?mode=viewprofile&u=124511,23/11/2020,7,03/12/2019
https://forums.centos.org/viewtopic.php?f=54&t=76447,[SOLVED] Centos8 with Xfce - autologin?,northpoint,https://forums.centos.org/memberlist.php?mode=viewprofile&u=105384,22/11/2020,107,23/05/2016
https://forums.centos.org/viewtopic.php?f=54&t=76408,DNF repair,secetspaces,https://forums.centos.org/memberlist.php?mode=viewprofile&u=128861,18/11/2020,10,13/11/2020
https://forums.centos.org/viewtopic.php?f=54&t=76408,DNF repair,sml,https://forums.centos.org/memberlist.php?mode=viewprofile&u=125076,19/11/2020,305,17/01/2020
https://forums.centos.org/viewtopic.php?f=54&t=76456,"Docker build for Mattermost, /bin/sh dnf not found",LtChachee,https://forums.centos.org/memberlist.php?mode=viewprofile&u=128970,23/11/2020,1,23/11/2020
https://forums.centos.org/viewtopic.php?f=54&t=76424,Zoom does not install,search4workingdistro,https://forums.centos.org/memberlist.php?mode=viewprofile&u=128915,19/11/2020,59,18/11/2020
https://forums.centos.org/viewtopic.php?f=54&t=76424,Zoom does not install,Serge_Pineault,https://forums.centos.org/memberlist.php?mode=viewprofile&u=128948,20/11/2020,2,20/11/2020
https://forums.centos.org/viewtopic.php?f=54&t=76424,Zoom does not install,BShT,https://forums.centos.org/memberlist.php?mode=viewprofile&u=123726,20/11/2020,572,09/10/2019
https://forums.centos.org/viewtopic.php?f=54&t=76391,user ids and shares,JackBauer,https://forums.centos.org/memberlist.php?mode=viewprofile&u=126626,17/11/2020,46,19/05/2020
https://forums.centos.org/viewtopic.php?f=54&t=76424,Zoom does not install,search4workingdistro,https://forums.centos.org/memberlist.php?mode=viewprofile&u=128915,21/11/2020,59,18/11/2020
https://forums.centos.org/viewtopic.php?f=54&t=76424,Zoom does not install,search4workingdistro,https://forums.centos.org/memberlist.php?mode=viewprofile&u=128915,21/11/2020,59,18/11/2020
https://forums.centos.org/viewtopic.php?f=54&t=76391,user ids and shares,KernelOops,https://forums.centos.org/memberlist.php?mode=viewprofile&u=83383,17/11/2020,428,18/12/2013
https://forums.centos.org/viewtopic.php?f=54&t=76391,user ids and shares,jlehtone,https://forums.centos.org/memberlist.php?mode=viewprofile&u=35850,17/11/2020,4364,11/12/2007
https://forums.centos.org/viewtopic.php?f=54&t=76424,Zoom does not install,tezada,https://forums.centos.org/memberlist.php?mode=viewprofile&u=128710,21/11/2020,6,31/10/2020
https://forums.centos.org/viewtopic.php?f=54&t=76397,Windows 10 is fiddling with something it shouldn't,lightman47,https://forums.centos.org/memberlist.php?mode=viewprofile&u=86190,17/11/2020,1483,21/05/2014
https://forums.centos.org/viewtopic.php?f=54&t=76391,user ids and shares,BShT,https://forums.centos.org/memberlist.php?mode=viewprofile&u=123726,17/11/2020,572,09/10/2019
https://forums.centos.org/viewtopic.php?f=54&t=76424,Zoom does not install,Mike_Rochefort,https://forums.centos.org/memberlist.php?mode=viewprofile&u=104132,21/11/2020,215,16/03/2016
https://forums.centos.org/viewtopic.php?f=54&t=76424,Zoom does not install,Serge_Pineault,https://forums.centos.org/memberlist.php?mode=viewprofile&u=128948,21/11/2020,2,20/11/2020
https://forums.centos.org/viewtopic.php?f=54&t=76424,Zoom does not install,search4workingdistro,https://forums.centos.org/memberlist.php?mode=viewprofile&u=128915,22/11/2020,59,18/11/2020
https://forums.centos.org/viewtopic.php?f=54&t=76397,Windows 10 is fiddling with something it shouldn't,BShT,https://forums.centos.org/memberlist.php?mode=viewprofile&u=123726,17/11/2020,572,09/10/2019
https://forums.centos.org/viewtopic.php?f=54&t=76397,Windows 10 is fiddling with something it shouldn't,lightman47,https://forums.centos.org/memberlist.php?mode=viewprofile&u=86190,17/11/2020,1483,21/05/2014
https://forums.centos.org/viewtopic.php?f=54&t=76397,Windows 10 is fiddling with something it shouldn't,BShT,https://forums.centos.org/memberlist.php?mode=viewprofile&u=123726,17/11/2020,572,09/10/2019
https://forums.centos.org/viewtopic.php?f=54&t=76424,Zoom does not install,tunk,https://forums.centos.org/memberlist.php?mode=viewprofile&u=110413,22/11/2020,1185,22/02/2017
https://forums.centos.org/viewtopic.php?f=54&t=76397,Windows 10 is fiddling with something it shouldn't,lightman47,https://forums.centos.org/memberlist.php?mode=viewprofile&u=86190,23/11/2020,1483,21/05/2014
https://forums.centos.org/viewtopic.php?f=54&t=76397,Windows 10 is fiddling with something it shouldn't,bonedome,https://forums.centos.org/memberlist.php?mode=viewprofile&u=111374,23/11/2020,201,22/04/2017
https://forums.centos.org/viewtopic.php?f=55&t=72009,INSTALL CENTOS 8 DELL POWEREDGE T440,dizzymen,https://forums.centos.org/memberlist.php?mode=viewprofile&u=123699,07/10/2019,1,07/10/2019
https://forums.centos.org/viewtopic.php?f=54&t=76465,POP has stopped working!,optikab,https://forums.centos.org/memberlist.php?mode=viewprofile&u=83890,24/11/2020,40,19/01/2014
https://forums.centos.org/viewtopic.php?f=55&t=72045,centos 8 and Ryzen 3000 cpu series,habernir,https://forums.centos.org/memberlist.php?mode=viewprofile&u=38804,10/10/2019,12,02/10/2008
https://forums.centos.org/viewtopic.php?f=54&t=76465,POP has stopped working!,optikab,https://forums.centos.org/memberlist.php?mode=viewprofile&u=83890,24/11/2020,40,19/01/2014
https://forums.centos.org/viewtopic.php?f=55&t=72128,CentOS 8 guest on VMware doesn't offer 1920x1080 resolution,AxBen,https://forums.centos.org/memberlist.php?mode=viewprofile&u=123827,16/10/2019,1,16/10/2019
https://forums.centos.org/viewtopic.php?f=55&t=72045,centos 8 and Ryzen 3000 cpu series,centminmod,https://forums.centos.org/memberlist.php?mode=viewprofile&u=87290,13/10/2019,44,12/07/2014
https://forums.centos.org/viewtopic.php?f=55&t=72128,CentOS 8 guest on VMware doesn't offer 1920x1080 resolution,xyang,https://forums.centos.org/memberlist.php?mode=viewprofile&u=123883,21/10/2019,1,21/10/2019
https://forums.centos.org/viewtopic.php?f=55&t=72127,New install of Centos 8 using AMD Ryzen 7,murilloa,https://forums.centos.org/memberlist.php?mode=viewprofile&u=123820,16/10/2019,1,16/10/2019
https://forums.centos.org/viewtopic.php?f=55&t=72127,New install of Centos 8 using AMD Ryzen 7,George99,https://forums.centos.org/memberlist.php?mode=viewprofile&u=64703,16/10/2019,73,08/09/2013
https://forums.centos.org/viewtopic.php?f=55&t=72127,New install of Centos 8 using AMD Ryzen 7,TrevorH,https://forums.centos.org/memberlist.php?mode=viewprofile&u=42237,16/10/2019,32873,24/09/2009
https://forums.centos.org/viewtopic.php?f=55&t=72127,New install of Centos 8 using AMD Ryzen 7,umdhlebe,https://forums.centos.org/memberlist.php?mode=viewprofile&u=103305,17/10/2019,8,22/02/2016
https://forums.centos.org/viewtopic.php?f=55&t=72127,New install of Centos 8 using AMD Ryzen 7,TrevorH,https://forums.centos.org/memberlist.php?mode=viewprofile&u=42237,17/10/2019,32873,24/09/2009
https://forums.centos.org/viewtopic.php?f=54&t=76680,Kernel Panic after recent upgrade... possible related to selinux,wiwi,https://forums.centos.org/memberlist.php?mode=viewprofile&u=129247,16/12/2020,1,16/12/2020
https://forums.centos.org/viewtopic.php?f=54&t=76652,DVB - Usb and CentOS 8.3 problem,enigma131,https://forums.centos.org/memberlist.php?mode=viewprofile&u=129218,13/12/2020,18,13/12/2020
https://forums.centos.org/viewtopic.php?f=54&t=76652,DVB - Usb and CentOS 8.3 problem,enigma131,https://forums.centos.org/memberlist.php?mode=viewprofile&u=129218,18/12/2020,18,13/12/2020
https://forums.centos.org/viewtopic.php?f=55&t=72317&start=10,Intel Wi-Fi 6 AX200 160MHz on Dell Precision 7540,yakebao,https://forums.centos.org/memberlist.php?mode=viewprofile&u=124027,11/11/2019,4,30/10/2019
https://forums.centos.org/viewtopic.php?f=54&t=76421,Laptop powers off on low battery as opposed to hibernate,search4workingdistro,https://forums.centos.org/memberlist.php?mode=viewprofile&u=128915,19/11/2020,59,18/11/2020
https://forums.centos.org/viewtopic.php?f=54&t=76421,Laptop powers off on low battery as opposed to hibernate,search4workingdistro,https://forums.centos.org/memberlist.php?mode=viewprofile&u=128915,26/11/2020,59,18/11/2020
https://forums.centos.org/viewtopic.php?f=54&t=76421,Laptop powers off on low battery as opposed to hibernate,search4workingdistro,https://forums.centos.org/memberlist.php?mode=viewprofile&u=128915,18/12/2020,59,18/11/2020
https://forums.centos.org/viewtopic.php?f=54&t=76684,High Availability - CentOS 8 Repo Missing,penguinpages,https://forums.centos.org/memberlist.php?mode=viewprofile&u=99041,16/12/2020,91,21/07/2015
https://forums.centos.org/viewtopic.php?f=54&t=76684,High Availability - CentOS 8 Repo Missing,jlehtone,https://forums.centos.org/memberlist.php?mode=viewprofile&u=35850,16/12/2020,4364,11/12/2007
https://forums.centos.org/viewtopic.php?f=54&t=76684,High Availability - CentOS 8 Repo Missing,penguinpages,https://forums.centos.org/memberlist.php?mode=viewprofile&u=99041,17/12/2020,91,21/07/2015
https://forums.centos.org/viewtopic.php?f=54&t=76684,High Availability - CentOS 8 Repo Missing,penguinpages,https://forums.centos.org/memberlist.php?mode=viewprofile&u=99041,18/12/2020,91,21/07/2015
https://forums.centos.org/viewtopic.php?f=54&t=76684,High Availability - CentOS 8 Repo Missing,penguinpages,https://forums.centos.org/memberlist.php?mode=viewprofile&u=99041,18/12/2020,91,21/07/2015
https://forums.centos.org/viewtopic.php?f=55&t=71918,Hewlet Packard DL380 Support,jjrowan,https://forums.centos.org/memberlist.php?mode=viewprofile&u=28743,01/10/2019,132,10/09/2005
https://forums.centos.org/viewtopic.php?f=55&t=71918,Hewlet Packard DL380 Support,lightman47,https://forums.centos.org/memberlist.php?mode=viewprofile&u=86190,01/10/2019,1483,21/05/2014
https://forums.centos.org/viewtopic.php?f=55&t=71918,Hewlet Packard DL380 Support,hunter86_bg,https://forums.centos.org/memberlist.php?mode=viewprofile&u=95094,02/10/2019,2019,17/02/2015
https://forums.centos.org/viewtopic.php?f=55&t=71918,Hewlet Packard DL380 Support,Diglet,https://forums.centos.org/memberlist.php?mode=viewprofile&u=117719,02/10/2019,6,09/06/2018
https://forums.centos.org/viewtopic.php?f=55&t=71918,Hewlet Packard DL380 Support,TrevorH,https://forums.centos.org/memberlist.php?mode=viewprofile&u=42237,03/10/2019,32873,24/09/2009
https://forums.centos.org/viewtopic.php?f=55&t=71918,Hewlet Packard DL380 Support,hunter86_bg,https://forums.centos.org/memberlist.php?mode=viewprofile&u=95094,07/10/2019,2019,17/02/2015
https://forums.centos.org/viewtopic.php?f=55&t=71918,Hewlet Packard DL380 Support,lightman47,https://forums.centos.org/memberlist.php?mode=viewprofile&u=86190,07/10/2019,1483,21/05/2014
https://forums.centos.org/viewtopic.php?f=54&t=76412,"[SOLVED - well, apparently not 100%] Some Youtube videos do not play on Centos 8",search4workingdistro,https://forums.centos.org/memberlist.php?mode=viewprofile&u=128915,18/11/2020,59,18/11/2020
https://forums.centos.org/viewtopic.php?f=54&t=76412,"[SOLVED - well, apparently not 100%] Some Youtube videos do not play on Centos 8",BShT,https://forums.centos.org/memberlist.php?mode=viewprofile&u=123726,18/11/2020,572,09/10/2019
https://forums.centos.org/viewtopic.php?f=54&t=76412,"[SOLVED - well, apparently not 100%] Some Youtube videos do not play on Centos 8",bonedome,https://forums.centos.org/memberlist.php?mode=viewprofile&u=111374,18/11/2020,201,22/04/2017
